DATE,TICKER,SOUS_BAS,TAUX_20_POSITIF,AU_DESSUS_HAUT,SOUS_ECHANTILLON,RENDEMENT_20
2022-01-07,AI.PA,non,oui,oui,oui,-5.8681
2022-01-07,KER.PA,non,oui,non,oui,-8.6412
2022-01-07,ORA.PA,non,oui,non,oui,11.2101
2022-01-07,SAF.PA,non,oui,non,oui,-5.3495
2022-01-07,ENGI.PA,non,oui,non,oui,6.4453
2022-01-14,AI.PA,non,oui,non,non,-7.1475
2022-01-14,KER.PA,non,oui,non,non,-6.867
2022-01-14,ORA.PA,non,oui,oui,non,9.5616
2022-01-14,SAF.PA,non,oui,non,non,1.9681
2022-01-14,ENGI.PA,non,oui,oui,non,4.6954
2022-01-21,AI.PA,non,oui,non,non,-2.8737
2022-01-21,KER.PA,non,non,non,non,-0.3289
2022-01-21,ORA.PA,non,oui,oui,non,11.2661
2022-01-21,SAF.PA,non,oui,non,non,2.0694
2022-01-21,ENGI.PA,non,oui,non,non,6.895
2022-01-28,AI.PA,non,non,non,non,-2.1164
2022-01-28,KER.PA,oui,non,non,non,-1.4202
2022-01-28,ORA.PA,non,oui,oui,non,4.0107
2022-01-28,SAF.PA,oui,non,non,non,10.1982
2022-01-28,ENGI.PA,non,oui,non,non,6.3284
2022-02-04,AI.PA,oui,non,non,oui,-2.7299
2022-02-04,KER.PA,oui,non,non,oui,-14.3514
2022-02-04,ORA.PA,non,oui,oui,oui,-0.534
2022-02-04,SAF.PA,non,non,non,oui,-8.6285
2022-02-04,ENGI.PA,non,oui,oui,oui,-23.9081
2022-02-11,AI.PA,oui,non,non,non,0.0557
2022-02-11,KER.PA,oui,non,non,non,-10.1162
2022-02-11,ORA.PA,non,oui,oui,non,-3.9194
2022-02-11,SAF.PA,non,oui,oui,non,-9.4592
2022-02-11,ENGI.PA,non,oui,oui,non,-23.8547
2022-02-18,AI.PA,non,non,non,non,1.1941
2022-02-18,KER.PA,non,non,non,non,-9.316
2022-02-18,ORA.PA,non,oui,oui,non,-4.2681
2022-02-18,SAF.PA,non,oui,non,non,-6.0825
2022-02-18,ENGI.PA,non,oui,non,non,-16.6298
2022-02-25,AI.PA,oui,non,non,non,6.6216
2022-02-25,KER.PA,oui,non,non,non,-8.8162
2022-02-25,ORA.PA,non,oui,oui,non,-0.8447
2022-02-25,SAF.PA,non,oui,non,non,-8.8004
2022-02-25,ENGI.PA,non,oui,non,non,-18.1604
2022-03-04,AI.PA,oui,oui,non,oui,11.2818
2022-03-04,KER.PA,oui,non,non,oui,2.9896
2022-03-04,ORA.PA,non,non,non,oui,3.3365
2022-03-04,SAF.PA,oui,non,non,oui,10.2887
2022-03-04,ENGI.PA,oui,non,non,oui,11.1256
2022-03-11,AI.PA,oui,non,non,non,12.8408
2022-03-11,KER.PA,oui,non,non,non,-1.0411
2022-03-11,ORA.PA,non,non,non,non,5.1849
2022-03-11,SAF.PA,non,non,non,non,-2.343
2022-03-11,ENGI.PA,oui,non,non,non,4.9142
2022-03-18,AI.PA,non,oui,non,non,5.4805
2022-03-18,KER.PA,non,non,non,non,-12.3408
2022-03-18,ORA.PA,non,non,non,non,5.9571
2022-03-18,SAF.PA,non,non,non,non,-3.5104
2022-03-18,ENGI.PA,oui,non,non,non,-3.1975
2022-03-25,AI.PA,non,oui,oui,non,2.1166
2022-03-25,KER.PA,non,non,non,non,-12.8628
2022-03-25,ORA.PA,non,oui,non,non,4.1667
2022-03-25,SAF.PA,non,oui,non,non,0.7084
2022-03-25,ENGI.PA,oui,oui,non,non,4.3609
2022-04-01,AI.PA,non,oui,oui,oui,2.8356
2022-04-01,KER.PA,non,oui,non,oui,-13.3135
2022-04-01,ORA.PA,non,oui,non,oui,6.2906
2022-04-01,SAF.PA,non,oui,non,oui,-6.0759
2022-04-01,ENGI.PA,non,oui,non,oui,2.3569
2022-04-08,AI.PA,non,oui,oui,non,-2.8233
2022-04-08,KER.PA,oui,non,non,non,-18.285
2022-04-08,ORA.PA,non,oui,non,non,6.216
2022-04-08,SAF.PA,non,non,non,non,-8.8889
2022-04-08,ENGI.PA,oui,non,non,non,1.7908
2022-04-14,AI.PA,non,oui,oui,non,-0.1444
2022-04-14,KER.PA,oui,non,non,non,-12.2048
2022-04-14,ORA.PA,non,oui,non,non,4.1215
2022-04-14,SAF.PA,non,non,non,non,-7.1236
2022-04-14,ENGI.PA,non,non,non,non,7.3673
2022-04-22,AI.PA,non,oui,oui,non,1.7673
2022-04-22,KER.PA,oui,non,non,non,-13.4406
2022-04-22,ORA.PA,non,oui,non,non,4.286
2022-04-22,SAF.PA,non,non,non,non,-10.2375
2022-04-22,ENGI.PA,non,non,non,non,12.5935
2022-04-29,AI.PA,non,oui,oui,oui,2.0152
2022-04-29,KER.PA,non,non,non,oui,-3.0627
2022-04-29,ORA.PA,non,oui,non,oui,3.4105
2022-04-29,SAF.PA,non,oui,non,oui,-3.5278
2022-04-29,ENGI.PA,non,oui,non,oui,12.171
2022-05-06,AI.PA,non,oui,non,non,2.4386
2022-05-06,KER.PA,oui,non,non,non,13.7803
2022-05-06,ORA.PA,non,oui,non,non,-0.1555
2022-05-06,SAF.PA,oui,non,non,non,1.314
2022-05-06,ENGI.PA,non,oui,non,non,11.995
2022-05-13,AI.PA,non,non,non,non,-4.0552
2022-05-13,KER.PA,oui,non,non,non,10.9324
2022-05-13,ORA.PA,non,oui,non,non,-4.0652
2022-05-13,SAF.PA,oui,non,non,non,-4.5571
2022-05-13,ENGI.PA,non,oui,non,non,7.9049
2022-05-20,AI.PA,non,oui,non,non,-11.1042
2022-05-20,KER.PA,non,non,non,non,6.9946
2022-05-20,ORA.PA,non,oui,non,non,-2.1528
2022-05-20,SAF.PA,oui,non,non,non,-4.5949
2022-05-20,ENGI.PA,non,oui,oui,non,-10.9793
2022-05-27,AI.PA,non,oui,oui,oui,-10.425
2022-05-27,KER.PA,non,non,oui,oui,2.7607
2022-05-27,ORA.PA,non,oui,non,oui,-1.6856
2022-05-27,SAF.PA,non,non,non,oui,-4.081
2022-05-27,ENGI.PA,non,oui,oui,oui,-10.6614
2022-06-03,AI.PA,non,oui,non,non,-13.6996
2022-06-03,KER.PA,non,oui,oui,non,-6.4779
2022-06-03,ORA.PA,oui,non,non,non,1.1336
2022-06-03,SAF.PA,non,oui,non,non,-1.1332
2022-06-03,ENGI.PA,non,oui,oui,non,-10.2613
2022-06-10,AI.PA,oui,non,non,non,-7.6624
2022-06-10,KER.PA,non,oui,oui,non,-1.8417
2022-06-10,ORA.PA,oui,non,non,non,-1.9071
2022-06-10,SAF.PA,oui,non,non,non,8.4542
2022-06-10,ENGI.PA,non,oui,non,non,-11.6169
2022-06-17,AI.PA,oui,non,non,non,-1.8393
2022-06-17,KER.PA,non,oui,oui,non,3.1234
2022-06-17,ORA.PA,oui,non,non,non,-3.529
2022-06-17,SAF.PA,non,non,non,non,14.0443
2022-06-17,ENGI.PA,non,non,non,non,-1.9726
2022-06-24,AI.PA,oui,non,non,oui,-4.1216
2022-06-24,KER.PA,non,non,oui,oui,5.7313
2022-06-24,ORA.PA,oui,non,non,oui,-8.8961
2022-06-24,SAF.PA,non,non,non,oui,8.9474
2022-06-24,ENGI.PA,non,non,non,oui,0.617
2022-07-01,AI.PA,oui,non,non,non,5.6562
2022-07-01,KER.PA,non,non,oui,non,14.2945
2022-07-01,ORA.PA,non,oui,non,non,-11.3741
2022-07-01,SAF.PA,non,non,non,non,12.4921
2022-07-01,ENGI.PA,non,non,non,non,7.7363
2022-07-08,AI.PA,oui,non,non,non,3.7988
2022-07-08,KER.PA,non,oui,oui,non,8.503
2022-07-08,ORA.PA,oui,oui,non,non,-4.4923
2022-07-08,SAF.PA,non,oui,oui,non,6.6787
2022-07-08,ENGI.PA,non,non,non,non,14.9345
2022-07-15,AI.PA,oui,non,non,non,6.9123
2022-07-15,KER.PA,non,oui,oui,non,12.9
2022-07-15,ORA.PA,oui,non,non,non,-4.094
2022-07-15,SAF.PA,non,oui,oui,non,5.5801
2022-07-15,ENGI.PA,non,non,non,non,16.9326
2022-07-22,AI.PA,oui,non,non,oui,5.5358
2022-07-22,KER.PA,non,oui,oui,oui,5.0442
2022-07-22,ORA.PA,oui,non,non,oui,2.5697
2022-07-22,SAF.PA,non,oui,oui,oui,6.2029
2022-07-22,ENGI.PA,non,oui,non,oui,13.3321
2022-07-29,AI.PA,non,oui,non,non,-3.3403
2022-07-29,KER.PA,non,oui,oui,non,-5.0279
2022-07-29,ORA.PA,oui,non,non,non,0.2901
2022-07-29,SAF.PA,non,oui,oui,non,-2.0378
2022-07-29,ENGI.PA,non,oui,non,non,5.738
2022-08-05,AI.PA,non,oui,non,non,-6.3147
2022-08-05,KER.PA,non,oui,oui,non,-8.738
2022-08-05,ORA.PA,oui,non,non,non,0.6127
2022-08-05,SAF.PA,non,oui,oui,non,-3.4886
2022-08-05,ENGI.PA,non,oui,non,non,-2.2486
2022-08-12,AI.PA,non,oui,non,non,-9.5435
2022-08-12,KER.PA,non,oui,oui,non,-6.9162
2022-08-12,ORA.PA,oui,non,non,non,-0.1778
2022-08-12,SAF.PA,non,oui,oui,non,-5.4128
2022-08-12,ENGI.PA,non,oui,oui,non,-0.9612
2022-08-19,AI.PA,non,oui,non,oui,-10.7692
2022-08-19,KER.PA,non,oui,oui,oui,-11.4585
2022-08-19,ORA.PA,non,oui,non,oui,-2.9871
2022-08-19,SAF.PA,non,oui,oui,oui,-10.3621
2022-08-19,ENGI.PA,non,oui,non,oui,-0.7265
2022-08-26,AI.PA,non,non,non,non,-8.8861
2022-08-26,KER.PA,non,non,non,non,-9.775
2022-08-26,ORA.PA,oui,oui,non,non,-3.1618
2022-08-26,SAF.PA,non,oui,non,non,-11.6889
2022-08-26,ENGI.PA,non,oui,non,non,-2.0075
2022-09-02,AI.PA,non,non,non,non,-5.8918
2022-09-02,KER.PA,non,non,non,non,-7.569
2022-09-02,ORA.PA,non,non,non,non,-9.1731
2022-09-02,SAF.PA,non,non,non,non,-8.1575
2022-09-02,ENGI.PA,non,non,non,non,-2.7111
2022-09-09,AI.PA,non,non,non,non,-4.2657
2022-09-09,KER.PA,non,non,non,non,-13.9219
2022-09-09,ORA.PA,non,non,non,non,-8.8695
2022-09-09,SAF.PA,non,non,non,non,-4.0559
2022-09-09,ENGI.PA,non,non,non,non,-6.4339
2022-09-16,AI.PA,non,non,non,oui,-2.5944
2022-09-16,KER.PA,oui,non,non,oui,-9.3393
2022-09-16,ORA.PA,non,non,non,oui,-7.4295
2022-09-16,SAF.PA,oui,non,non,oui,3.7654
2022-09-16,ENGI.PA,non,oui,non,oui,-7.0072
2022-09-23,AI.PA,non,non,non,non,3.2848
2022-09-23,KER.PA,oui,non,non,non,-4.8407
2022-09-23,ORA.PA,non,non,non,non,-2.6676
2022-09-23,SAF.PA,oui,non,non,non,16.8449
2022-09-23,ENGI.PA,non,oui,non,non,-2.2087
2022-09-30,AI.PA,non,non,non,non,13.491
2022-09-30,KER.PA,oui,non,non,non,1.134
2022-09-30,ORA.PA,oui,non,non,non,3.2223
2022-09-30,SAF.PA,oui,non,non,non,20.9446
2022-09-30,ENGI.PA,oui,non,non,non,10.5894
2022-10-07,AI.PA,non,non,non,non,13.0272
2022-10-07,KER.PA,oui,non,non,non,11.9911
2022-10-07,ORA.PA,oui,non,non,non,6.0178
2022-10-07,SAF.PA,non,non,non,non,14.0677
2022-10-07,ENGI.PA,non,non,non,non,13.2508
2022-10-14,AI.PA,non,non,non,oui,13.857
2022-10-14,KER.PA,oui,non,non,oui,21.3393
2022-10-14,ORA.PA,non,non,non,oui,3.8412
2022-10-14,SAF.PA,non,oui,non,oui,8.3725
2022-10-14,ENGI.PA,non,non,non,oui,17.13
2022-10-21,AI.PA,non,oui,non,non,12.0
2022-10-21,KER.PA,oui,non,non,non,21.3609
2022-10-21,ORA.PA,non,non,non,non,3.7672
2022-10-21,SAF.PA,non,oui,non,non,6.1032
2022-10-21,ENGI.PA,non,oui,non,non,17.6759
2022-10-28,AI.PA,non,oui,oui,non,6.0561
2022-10-28,KER.PA,non,oui,non,non,17.5849
2022-10-28,ORA.PA,non,oui,oui,non,4.0226
2022-10-28,SAF.PA,non,oui,oui,non,3.0959
2022-10-28,ENGI.PA,non,oui,oui,non,10.171
2022-11-04,AI.PA,non,oui,oui,non,5.7027
2022-11-04,KER.PA,non,oui,non,non,11.1839
2022-11-04,ORA.PA,non,oui,oui,non,-1.0861
2022-11-04,SAF.PA,non,oui,oui,non,3.1338
2022-11-04,ENGI.PA,non,oui,oui,non,6.7661
2022-11-11,AI.PA,non,oui,oui,oui,1.3029
2022-11-11,KER.PA,non,oui,oui,oui,-3.6976
2022-11-11,ORA.PA,non,oui,oui,oui,-0.8345
2022-11-11,SAF.PA,non,oui,non,oui,5.7581
2022-11-11,ENGI.PA,non,oui,oui,oui,2.8163
2022-11-18,AI.PA,non,oui,oui,non,-2.8396
2022-11-18,KER.PA,non,oui,oui,non,-10.8964
2022-11-18,ORA.PA,non,oui,oui,non,-3.3814
2022-11-18,SAF.PA,non,oui,non,non,0.9413
2022-11-18,ENGI.PA,non,oui,oui,non,-3.3936
2022-11-25,AI.PA,non,oui,oui,non,-5.5124
2022-11-25,KER.PA,non,oui,oui,non,-13.4513
2022-11-25,ORA.PA,non,oui,oui,non,-2.7275
2022-11-25,SAF.PA,non,oui,oui,non,0.29
2022-11-25,ENGI.PA,non,oui,oui,non,-5.8636
2022-12-02,AI.PA,non,oui,oui,non,-3.9146
2022-12-02,KER.PA,non,oui,oui,non,-13.5966
2022-12-02,ORA.PA,non,oui,oui,non,0.4276
2022-12-02,SAF.PA,non,oui,non,non,1.1779
2022-12-02,ENGI.PA,non,oui,non,non,-6.2128
2022-12-09,AI.PA,non,oui,non,oui,4.1654
2022-12-09,KER.PA,non,non,non,oui,0.573
2022-12-09,ORA.PA,non,non,non,oui,6.3125
2022-12-09,SAF.PA,non,oui,non,oui,4.2328
2022-12-09,ENGI.PA,non,oui,non,oui,-8.4816
2022-12-16,AI.PA,non,non,non,non,8.6321
2022-12-16,KER.PA,non,non,non,non,15.0824
2022-12-16,ORA.PA,non,non,non,non,5.6645
2022-12-16,SAF.PA,non,oui,non,non,9.3939
2022-12-16,ENGI.PA,non,non,non,non,-5.0245
2022-12-23,AI.PA,non,non,non,non,7.4346
2022-12-23,KER.PA,non,non,non,non,14.7631
2022-12-23,ORA.PA,non,non,non,non,2.4362
2022-12-23,SAF.PA,non,oui,non,non,11.7557
2022-12-23,ENGI.PA,oui,non,non,non,-7.1565
2022-12-30,AI.PA,non,non,non,non,11.9789
2022-12-30,KER.PA,non,non,non,non,18.2311
2022-12-30,ORA.PA,non,non,non,non,2.8553
2022-12-30,SAF.PA,non,oui,non,non,13.0688
2022-12-30,ENGI.PA,oui,non,non,non,-2.928
2023-01-06,AI.PA,non,oui,non,oui,2.8596
2023-01-06,KER.PA,non,non,non,oui,14.3703
2023-01-06,ORA.PA,non,oui,oui,oui,-3.0331
2023-01-06,SAF.PA,non,oui,non,oui,8.1699
2023-01-06,ENGI.PA,oui,non,non,oui,1.1587
2023-01-13,AI.PA,non,oui,non,non,0.0844
2023-01-13,KER.PA,non,oui,oui,non,0.0715
2023-01-13,ORA.PA,non,oui,oui,non,-2.3289
2023-01-13,SAF.PA,non,oui,oui,non,2.7185
2023-01-13,ENGI.PA,oui,non,non,non,-0.8856
2023-01-20,AI.PA,non,oui,non,non,3.1621
2023-01-20,KER.PA,non,oui,non,non,10.9857
2023-01-20,ORA.PA,non,oui,non,non,11.4069
2023-01-20,SAF.PA,non,oui,oui,non,5.7487
2023-01-20,ENGI.PA,oui,non,non,non,7.8103
2023-01-27,AI.PA,non,oui,non,non,-0.3507
2023-01-27,KER.PA,non,oui,oui,non,-0.6993
2023-01-27,ORA.PA,non,non,non,non,13.9954
2023-01-27,SAF.PA,non,oui,oui,non,0.8321
2023-01-27,ENGI.PA,oui,non,non,non,7.8793
2023-02-03,AI.PA,non,oui,non,oui,3.4682
2023-02-03,KER.PA,non,oui,oui,oui,-3.5416
2023-02-03,ORA.PA,non,non,non,oui,12.0425
2023-02-03,SAF.PA,non,oui,non,oui,2.1299
2023-02-03,ENGI.PA,non,non,non,oui,5.8491
2023-02-10,AI.PA,non,oui,non,non,4.5953
2023-02-10,KER.PA,non,oui,non,non,2.5201
2023-02-10,ORA.PA,non,non,non,non,12.2626
2023-02-10,SAF.PA,non,oui,non,non,2.6619
2023-02-10,ENGI.PA,non,oui,non,non,6.7848
2023-02-17,AI.PA,non,oui,non,non,-1.4724
2023-02-17,KER.PA,non,oui,oui,non,-7.2712
2023-02-17,ORA.PA,non,oui,oui,non,-1.344
2023-02-17,SAF.PA,non,oui,non,non,-6.1961
2023-02-17,ENGI.PA,non,oui,non,non,-0.5037
2023-02-24,AI.PA,non,oui,non,non,1.259
2023-02-24,KER.PA,non,oui,non,non,4.8212
2023-02-24,ORA.PA,non,oui,oui,non,-1.8747
2023-02-24,SAF.PA,non,oui,non,non,0.0
2023-02-24,ENGI.PA,non,oui,non,non,-3.1812
2023-03-03,AI.PA,non,oui,non,oui,2.5539
2023-03-03,KER.PA,non,non,non,oui,3.9141
2023-03-03,ORA.PA,non,oui,oui,oui,1.917
2023-03-03,SAF.PA,non,oui,non,oui,0.9762
2023-03-03,ENGI.PA,non,oui,non,oui,5.1364
2023-03-10,AI.PA,non,oui,non,non,6.6908
2023-03-10,KER.PA,non,non,non,non,-2.9114
2023-03-10,ORA.PA,non,oui,oui,non,5.0754
2023-03-10,SAF.PA,oui,oui,non,non,2.6679
2023-03-10,ENGI.PA,non,oui,non,non,7.7861
2023-03-17,AI.PA,oui,non,non,non,9.2515
2023-03-17,KER.PA,oui,non,non,non,4.4965
2023-03-17,ORA.PA,non,non,non,non,8.2876
2023-03-17,SAF.PA,oui,non,non,non,10.3754
2023-03-17,ENGI.PA,non,non,non,non,13.8475
2023-03-24,AI.PA,non,non,non,non,9.1444
2023-03-24,KER.PA,non,non,non,non,0.8096
2023-03-24,ORA.PA,non,non,non,non,7.0987
2023-03-24,SAF.PA,oui,non,non,non,6.5716
2023-03-24,ENGI.PA,non,non,non,non,13.6437
2023-03-31,AI.PA,non,oui,non,oui,5.5772
2023-03-31,KER.PA,non,oui,non,oui,-3.9933
2023-03-31,ORA.PA,non,oui,non,oui,7.0307
2023-03-31,SAF.PA,non,oui,non,oui,2.2265
2023-03-31,ENGI.PA,non,oui,oui,oui,8.8924
2023-04-06,AI.PA,non,oui,oui,non,3.4548
2023-04-06,KER.PA,oui,oui,non,non,0.5312
2023-04-06,ORA.PA,non,oui,oui,non,2.1815
2023-04-06,SAF.PA,non,oui,non,non,0.7917
2023-04-06,ENGI.PA,non,oui,oui,non,7.512
2023-04-14,AI.PA,non,oui,oui,non,3.1847
2023-04-14,KER.PA,non,oui,non,non,-2.6759
2023-04-14,ORA.PA,non,oui,non,non,2.647
2023-04-14,SAF.PA,non,oui,non,non,2.0015
2023-04-14,ENGI.PA,non,oui,oui,non,7.8064
2023-04-21,AI.PA,non,oui,oui,non,1.5601
2023-04-21,KER.PA,non,non,non,non,-4.6661
2023-04-21,ORA.PA,non,oui,oui,non,-0.3121
2023-04-21,SAF.PA,non,oui,non,non,0.6318
2023-04-21,ENGI.PA,non,oui,oui,non,2.5874
2023-04-28,AI.PA,non,oui,oui,oui,-0.3616
2023-04-28,KER.PA,non,non,non,oui,-9.7334
2023-04-28,ORA.PA,non,oui,oui,oui,-3.6899
2023-04-28,SAF.PA,non,oui,non,oui,-1.2488
2023-04-28,ENGI.PA,non,oui,oui,oui,-4.1196
2023-05-05,AI.PA,non,oui,non,non,-0.6702
2023-05-05,KER.PA,non,oui,non,non,-9.7435
2023-05-05,ORA.PA,non,oui,non,non,-5.2242
2023-05-05,SAF.PA,oui,oui,non,non,1.9621
2023-05-05,ENGI.PA,non,oui,oui,non,-3.0919
2023-05-12,AI.PA,non,oui,non,non,-2.5817
2023-05-12,KER.PA,oui,non,non,non,-7.4624
2023-05-12,ORA.PA,non,oui,non,non,-5.5167
2023-05-12,SAF.PA,non,non,non,non,-1.444
2023-05-12,ENGI.PA,non,oui,oui,non,-4.3045
2023-05-19,AI.PA,non,oui,non,non,3.0813
2023-05-19,KER.PA,oui,non,non,non,-1.3829
2023-05-19,ORA.PA,oui,non,non,non,-4.7801
2023-05-19,SAF.PA,non,oui,non,non,-0.9112
2023-05-19,ENGI.PA,non,oui,non,non,-0.9658
2023-05-26,AI.PA,oui,non,non,oui,-0.477
2023-05-26,KER.PA,oui,non,non,oui,-2.994
2023-05-26,ORA.PA,oui,non,non,oui,-5.5475
2023-05-26,SAF.PA,oui,oui,non,oui,1.2844
2023-05-26,ENGI.PA,non,non,non,oui,1.5544
2023-06-02,AI.PA,oui,non,non,non,3.0242
2023-06-02,KER.PA,oui,non,non,non,-0.2171
2023-06-02,ORA.PA,oui,non,non,non,0.6773
2023-06-02,SAF.PA,oui,non,non,non,3.179
2023-06-02,ENGI.PA,non,non,non,non,7.9694
2023-06-09,AI.PA,oui,non,non,non,-1.1622
2023-06-09,KER.PA,oui,non,non,non,-5.3695
2023-06-09,ORA.PA,oui,non,non,non,-1.8617
2023-06-09,SAF.PA,oui,non,non,non,-1.3173
2023-06-09,ENGI.PA,non,non,non,non,6.0866
2023-06-16,AI.PA,non,oui,oui,non,-4.2158
2023-06-16,KER.PA,non,non,non,non,-5.2492
2023-06-16,ORA.PA,oui,non,non,non,0.9819
2023-06-16,SAF.PA,non,oui,non,non,-2.4206
2023-06-16,ENGI.PA,non,oui,non,non,4.5695
2023-06-23,AI.PA,oui,oui,non,oui,1.4504
2023-06-23,KER.PA,oui,oui,non,oui,7.7857
2023-06-23,ORA.PA,oui,non,non,oui,3.8194
2023-06-23,SAF.PA,non,oui,non,oui,1.606
2023-06-23,ENGI.PA,oui,oui,non,oui,9.5663
2023-06-30,AI.PA,non,oui,non,non,-0.3045
2023-06-30,KER.PA,non,non,non,non,5.0633
2023-06-30,ORA.PA,oui,non,non,non,-2.9527
2023-06-30,SAF.PA,non,oui,non,non,4.8794
2023-06-30,ENGI.PA,non,oui,non,non,-1.5366
2023-07-07,AI.PA,oui,non,non,non,2.7394
2023-07-07,KER.PA,oui,non,non,non,7.7261
2023-07-07,ORA.PA,oui,oui,non,non,-2.3229
2023-07-07,SAF.PA,oui,non,non,non,8.4693
2023-07-07,ENGI.PA,non,oui,non,non,-4.3461
2023-07-14,AI.PA,oui,non,non,non,0.4725
2023-07-14,KER.PA,non,non,non,non,3.42
2023-07-14,ORA.PA,oui,oui,non,non,-2.1735
2023-07-14,SAF.PA,oui,non,non,non,7.369
2023-07-14,ENGI.PA,non,oui,non,non,-3.4506
2023-07-21,AI.PA,oui,non,non,oui,-0.1492
2023-07-21,KER.PA,non,oui,oui,oui,-8.9969
2023-07-21,ORA.PA,non,oui,non,oui,-4.6451
2023-07-21,SAF.PA,non,non,non,oui,1.1995
2023-07-21,ENGI.PA,non,oui,non,oui,-5.6526
2023-07-28,AI.PA,non,oui,non,non,-0.5254
2023-07-28,KER.PA,non,oui,oui,non,-8.2078
2023-07-28,ORA.PA,oui,oui,non,non,-1.1939
2023-07-28,SAF.PA,non,oui,oui,non,-3.5624
2023-07-28,ENGI.PA,oui,oui,non,non,-1.3339
2023-08-04,AI.PA,oui,oui,non,non,5.1566
2023-08-04,KER.PA,non,oui,non,non,-4.9951
2023-08-04,ORA.PA,oui,non,non,non,3.3492
2023-08-04,SAF.PA,non,oui,non,non,-0.1367
2023-08-04,ENGI.PA,oui,non,non,non,2.6458
2023-08-11,AI.PA,non,oui,non,non,2.3883
2023-08-11,KER.PA,non,non,non,non,-9.1665
2023-08-11,ORA.PA,non,non,non,non,5.1842
2023-08-11,SAF.PA,non,oui,non,non,0.9378
2023-08-11,ENGI.PA,oui,non,non,non,2.3044
2023-08-18,AI.PA,non,oui,non,oui,4.619
2023-08-18,KER.PA,non,non,non,oui,-4.7706
2023-08-18,ORA.PA,non,non,non,oui,7.7553
2023-08-18,SAF.PA,non,non,non,oui,6.2753
2023-08-18,ENGI.PA,oui,non,non,oui,4.1815
2023-08-25,AI.PA,non,oui,non,non,-1.4124
2023-08-25,KER.PA,non,non,non,non,-5.5681
2023-08-25,ORA.PA,non,oui,non,non,8.1076
2023-08-25,SAF.PA,non,non,non,non,1.4473
2023-08-25,ENGI.PA,non,oui,non,non,1.1086
2023-09-01,AI.PA,non,oui,non,non,-4.4134
2023-09-01,KER.PA,non,non,non,non,-11.6407
2023-09-01,ORA.PA,non,oui,non,non,4.1227
2023-09-01,SAF.PA,non,non,non,non,1.7664
2023-09-01,ENGI.PA,non,oui,non,non,-1.9568
2023-09-08,AI.PA,non,oui,non,non,-4.6169
2023-09-08,KER.PA,non,non,non,non,-9.4422
2023-09-08,ORA.PA,non,oui,oui,non,1.7602
2023-09-08,SAF.PA,non,oui,non,non,-2.5313
2023-09-08,ENGI.PA,non,oui,non,non,-4.6938
2023-09-15,AI.PA,non,oui,oui,oui,-3.9867
2023-09-15,KER.PA,non,non,non,oui,-13.2808
2023-09-15,ORA.PA,non,oui,oui,oui,-0.1808
2023-09-15,SAF.PA,non,oui,oui,oui,-2.1913
2023-09-15,ENGI.PA,non,oui,non,oui,-2.7767
2023-09-22,AI.PA,oui,non,non,non,-4.9334
2023-09-22,KER.PA,non,non,non,non,-12.5204
2023-09-22,ORA.PA,non,oui,oui,non,-2.3256
2023-09-22,SAF.PA,non,oui,non,non,-1.5353
2023-09-22,ENGI.PA,non,oui,non,non,-1.8051
2023-09-29,AI.PA,oui,non,non,non,0.2502
2023-09-29,KER.PA,oui,non,non,non,-11.2063
2023-09-29,ORA.PA,non,oui,oui,non,1.3812
2023-09-29,SAF.PA,non,oui,non,non,-1.3321
2023-09-29,ENGI.PA,oui,non,non,non,2.6979
2023-10-06,AI.PA,oui,non,non,non,3.3832
2023-10-06,KER.PA,oui,non,non,non,-4.2553
2023-10-06,ORA.PA,non,non,oui,non,1.4567
2023-10-06,SAF.PA,oui,non,non,non,3.6469
2023-10-06,ENGI.PA,oui,non,non,non,7.2318
2023-10-13,AI.PA,non,non,non,oui,3.2474
2023-10-13,KER.PA,oui,non,non,oui,-3.3677
2023-10-13,ORA.PA,non,non,oui,oui,0.1087
2023-10-13,SAF.PA,non,non,non,oui,2.6831
2023-10-13,ENGI.PA,non,non,non,oui,3.5328
2023-10-20,AI.PA,oui,non,non,non,11.5581
2023-10-20,KER.PA,oui,non,non,non,0.3724
2023-10-20,ORA.PA,non,oui,non,non,2.2148
2023-10-20,SAF.PA,oui,oui,non,non,10.7769
2023-10-20,ENGI.PA,non,oui,non,non,6.2092
2023-10-27,AI.PA,non,non,non,non,8.375
2023-10-27,KER.PA,oui,non,non,non,5.9844
2023-10-27,ORA.PA,non,non,non,non,1.4351
2023-10-27,SAF.PA,oui,oui,non,non,9.7913
2023-10-27,ENGI.PA,non,oui,non,non,5.5757
2023-11-03,AI.PA,non,oui,non,non,6.1405
2023-11-03,KER.PA,non,non,non,non,-3.5236
2023-11-03,ORA.PA,non,oui,non,non,2.1357
2023-11-03,SAF.PA,non,non,non,non,8.7165
2023-11-03,ENGI.PA,non,oui,non,non,5.8862
2023-11-10,AI.PA,non,oui,oui,oui,5.2341
2023-11-10,KER.PA,non,non,non,oui,5.2658
2023-11-10,ORA.PA,non,oui,non,oui,3.0974
2023-11-10,SAF.PA,non,oui,non,oui,7.5255
2023-11-10,ENGI.PA,non,oui,non,oui,6.1184
2023-11-17,AI.PA,non,oui,oui,non,3.3596
2023-11-17,KER.PA,non,oui,non,non,3.3515
2023-11-17,ORA.PA,non,oui,non,non,-2.0777
2023-11-17,SAF.PA,non,oui,oui,non,-0.2491
2023-11-17,ENGI.PA,non,oui,oui,non,3.9359
2023-11-24,AI.PA,non,oui,oui,non,2.1306
2023-11-24,KER.PA,non,oui,non,non,-2.1282
2023-11-24,ORA.PA,non,non,non,non,-3.6937
2023-11-24,SAF.PA,non,oui,oui,non,-0.7328
2023-11-24,ENGI.PA,non,oui,oui,non,2.5771
2023-12-01,AI.PA,non,oui,oui,non,-0.7159
2023-12-01,KER.PA,non,non,non,non,-2.9906
2023-12-01,ORA.PA,non,oui,non,non,-4.1689
2023-12-01,SAF.PA,non,oui,oui,non,-2.7461
2023-12-01,ENGI.PA,non,oui,oui,non,-1.2838
2023-12-08,AI.PA,non,oui,oui,oui,-2.2017
2023-12-08,KER.PA,non,non,oui,oui,-7.7574
2023-12-08,ORA.PA,non,oui,non,oui,-4.9576
2023-12-08,SAF.PA,non,oui,oui,oui,-0.5954
2023-12-08,ENGI.PA,non,oui,oui,oui,1.6509
2023-12-15,AI.PA,non,oui,oui,non,-1.2502
2023-12-15,KER.PA,non,oui,oui,non,-16.1422
2023-12-15,ORA.PA,oui,oui,non,non,6.1363
2023-12-15,SAF.PA,non,oui,non,non,4.1583
2023-12-15,ENGI.PA,non,oui,oui,non,-4.2309
2023-12-22,AI.PA,non,oui,oui,non,-2.7627
2023-12-22,KER.PA,non,oui,oui,non,-7.169
2023-12-22,ORA.PA,oui,non,non,non,7.4675
2023-12-22,SAF.PA,non,non,non,non,7.2072
2023-12-22,ENGI.PA,non,oui,oui,non,-5.5198
2023-12-29,AI.PA,non,oui,non,non,-2.1803
2023-12-29,KER.PA,non,oui,oui,non,-2.348
2023-12-29,ORA.PA,oui,non,non,non,7.2011
2023-12-29,SAF.PA,non,non,non,non,9.4318
2023-12-29,ENGI.PA,non,oui,non,non,-7.6392
2024-01-05,AI.PA,non,non,non,oui,0.3632
2024-01-05,KER.PA,non,non,non,oui,0.7608
2024-01-05,ORA.PA,non,non,non,oui,2.3538
2024-01-05,SAF.PA,non,non,non,oui,9.9787
2024-01-05,ENGI.PA,non,non,oui,oui,-10.3402
2024-01-12,AI.PA,non,non,non,non,-4.6459
2024-01-12,KER.PA,non,non,non,non,14.053
2024-01-12,ORA.PA,non,oui,non,non,-2.3217
2024-01-12,SAF.PA,non,oui,oui,non,4.7003
2024-01-12,ENGI.PA,non,oui,non,non,-12.9307
2024-01-19,AI.PA,non,non,non,non,-1.1097
2024-01-19,KER.PA,non,non,non,non,22.1398
2024-01-19,ORA.PA,non,oui,non,non,-3.9093
2024-01-19,SAF.PA,non,oui,oui,non,10.6218
2024-01-19,ENGI.PA,oui,non,non,non,-7.9089
2024-01-26,AI.PA,non,non,non,non,10.5085
2024-01-26,KER.PA,non,non,oui,non,10.6159
2024-01-26,ORA.PA,non,oui,non,non,-3.6162
2024-01-26,SAF.PA,non,oui,oui,non,11.0587
2024-01-26,ENGI.PA,oui,non,non,non,1.2417
2024-02-02,AI.PA,non,non,non,oui,9.1302
2024-02-02,KER.PA,non,oui,oui,oui,12.573
2024-02-02,ORA.PA,non,oui,non,oui,-3.486
2024-02-02,SAF.PA,non,oui,oui,oui,10.2473
2024-02-02,ENGI.PA,oui,non,non,oui,0.2866
2024-02-09,AI.PA,oui,non,non,non,15.6317
2024-02-09,KER.PA,non,oui,oui,non,1.0409
2024-02-09,ORA.PA,oui,non,non,non,0.8176
2024-02-09,SAF.PA,non,oui,oui,non,10.7811
2024-02-09,ENGI.PA,oui,non,non,non,8.1418
2024-02-16,AI.PA,non,non,non,non,14.0503
2024-02-16,KER.PA,non,oui,oui,non,-0.4555
2024-02-16,ORA.PA,non,non,non,non,-2.2478
2024-02-16,SAF.PA,non,oui,oui,non,7.7017
2024-02-16,ENGI.PA,oui,non,non,non,7.3872
2024-02-23,AI.PA,non,oui,oui,non,0.5172
2024-02-23,KER.PA,non,oui,oui,non,-15.8816
2024-02-23,ORA.PA,non,non,non,non,-1.3744
2024-02-23,SAF.PA,non,oui,oui,non,7.3723
2024-02-23,ENGI.PA,non,non,non,non,3.9757
2024-03-01,AI.PA,non,oui,oui,oui,2.3965
2024-03-01,KER.PA,non,oui,oui,oui,-13.4686
2024-03-01,ORA.PA,oui,non,non,oui,2.9217
2024-03-01,SAF.PA,non,oui,oui,oui,6.1311
2024-03-01,ENGI.PA,non,oui,non,oui,6.0152
2024-03-08,AI.PA,non,oui,oui,non,-3.2635
2024-03-08,KER.PA,non,non,oui,non,-12.7456
2024-03-08,ORA.PA,non,non,non,non,-0.3678
2024-03-08,SAF.PA,non,oui,oui,non,4.1752
2024-03-08,ENGI.PA,non,oui,non,non,3.1611
2024-03-15,AI.PA,non,oui,oui,non,-4.8273
2024-03-15,KER.PA,non,non,oui,non,-20.1455
2024-03-15,ORA.PA,oui,non,non,non,-0.4181
2024-03-15,SAF.PA,non,oui,oui,non,1.3096
2024-03-15,ENGI.PA,non,oui,non,non,2.1456
2024-03-22,AI.PA,non,oui,non,non,0.042
2024-03-22,KER.PA,oui,non,non,non,-2.1924
2024-03-22,ORA.PA,non,non,non,non,3.9548
2024-03-22,SAF.PA,non,oui,oui,non,0.8444
2024-03-22,ENGI.PA,non,oui,non,non,3.7913
2024-03-28,AI.PA,non,oui,non,oui,-4.3767
2024-03-28,KER.PA,oui,non,non,oui,-8.38
2024-03-28,ORA.PA,non,oui,non,oui,-3.7931
2024-03-28,SAF.PA,non,oui,oui,oui,-2.4518
2024-03-28,ENGI.PA,non,oui,non,oui,4.7711
2024-04-05,AI.PA,non,non,non,non,-2.9867
2024-04-05,KER.PA,oui,non,non,non,-7.2528
2024-04-05,ORA.PA,non,oui,non,non,-2.6611
2024-04-05,SAF.PA,non,oui,non,non,0.438
2024-04-05,ENGI.PA,non,oui,non,non,8.7818
2024-04-12,AI.PA,non,non,non,non,-0.7258
2024-04-12,KER.PA,oui,non,non,non,-2.3236
2024-04-12,ORA.PA,non,non,non,non,1.9646
2024-04-12,SAF.PA,non,oui,non,non,1.7979
2024-04-12,ENGI.PA,non,oui,oui,non,8.4279
2024-04-19,AI.PA,non,non,non,non,0.5184
2024-04-19,KER.PA,oui,non,non,non,1.9925
2024-04-19,ORA.PA,non,non,oui,non,-0.1842
2024-04-19,SAF.PA,non,non,non,non,3.2054
2024-04-19,ENGI.PA,non,oui,oui,non,7.5026
2024-04-26,AI.PA,oui,non,non,oui,0.9298
2024-04-26,KER.PA,oui,non,non,oui,1.5169
2024-04-26,ORA.PA,non,non,non,oui,2.9341
2024-04-26,SAF.PA,non,oui,non,oui,4.8418
2024-04-26,ENGI.PA,non,oui,oui,oui,5.4481
2024-05-03,AI.PA,oui,non,non,non,1.6638
2024-05-03,KER.PA,oui,non,non,non,-3.4546
2024-05-03,ORA.PA,non,non,non,non,2.6316
2024-05-03,SAF.PA,oui,oui,non,non,4.7847
2024-05-03,ENGI.PA,non,oui,oui,non,2.2712
2024-05-10,AI.PA,non,non,non,non,2.1029
2024-05-10,KER.PA,non,non,non,non,-1.3085
2024-05-10,ORA.PA,non,non,non,non,-1.063
2024-05-10,SAF.PA,non,oui,non,non,-0.8378
2024-05-10,ENGI.PA,non,oui,oui,non,-5.303
2024-05-17,AI.PA,non,non,non,non,-3.964
2024-05-17,KER.PA,non,oui,non,non,-8.8993
2024-05-17,ORA.PA,non,non,oui,non,-10.6026
2024-05-17,SAF.PA,oui,oui,non,non,-4.725
2024-05-17,ENGI.PA,non,oui,oui,non,-15.8529
2024-05-24,AI.PA,non,oui,non,oui,-1.6857
2024-05-24,KER.PA,non,oui,non,oui,-3.7148
2024-05-24,ORA.PA,non,oui,non,oui,-6.8416
2024-05-24,SAF.PA,non,oui,non,oui,-5.5161
2024-05-24,ENGI.PA,non,oui,oui,oui,-11.2225
2024-05-31,AI.PA,oui,non,non,non,-1.6912
2024-05-31,KER.PA,non,non,non,non,6.715
2024-05-31,ORA.PA,non,oui,non,non,-9.2929
2024-05-31,SAF.PA,oui,oui,non,non,-7.8001
2024-05-31,ENGI.PA,non,non,non,non,-14.1616
2024-06-07,AI.PA,non,oui,non,non,-3.9908
2024-06-07,KER.PA,non,non,non,non,2.1183
2024-06-07,ORA.PA,non,oui,non,non,-2.8231
2024-06-07,SAF.PA,oui,oui,non,non,-2.9243
2024-06-07,ENGI.PA,non,non,non,non,-4.7333
2024-06-14,AI.PA,oui,non,non,non,4.2818
2024-06-14,KER.PA,non,non,non,non,12.1322
2024-06-14,ORA.PA,oui,non,non,non,6.9737
2024-06-14,SAF.PA,oui,non,non,non,4.1444
2024-06-14,ENGI.PA,oui,non,non,non,5.8402
2024-06-21,AI.PA,oui,non,non,oui,0.0982
2024-06-21,KER.PA,non,non,non,oui,-1.5776
2024-06-21,ORA.PA,oui,non,non,oui,6.6199
2024-06-21,SAF.PA,oui,non,non,oui,-2.3704
2024-06-21,ENGI.PA,oui,non,non,oui,3.4973
2024-06-28,AI.PA,oui,non,non,non,3.745
2024-06-28,KER.PA,non,oui,non,non,-16.0414
2024-06-28,ORA.PA,oui,non,non,non,9.7926
2024-06-28,SAF.PA,oui,non,non,non,3.0395
2024-06-28,ENGI.PA,oui,non,non,non,8.249
2024-07-05,AI.PA,non,non,non,non,0.0122
2024-07-05,KER.PA,non,oui,non,non,-18.6987
2024-07-05,ORA.PA,non,non,non,non,5.8204
2024-07-05,SAF.PA,oui,non,non,non,-5.6049
2024-07-05,ENGI.PA,non,oui,non,non,4.4087
2024-07-12,AI.PA,non,oui,non,non,-1.5051
2024-07-12,KER.PA,non,oui,oui,non,-24.9558
2024-07-12,ORA.PA,non,oui,non,non,2.0121
2024-07-12,SAF.PA,oui,oui,non,non,-5.9814
2024-07-12,ENGI.PA,oui,oui,non,non,8.6508
2024-07-19,AI.PA,non,non,non,oui,1.7419
2024-07-19,KER.PA,non,non,non,oui,-19.2192
2024-07-19,ORA.PA,non,oui,oui,oui,0.5885
2024-07-19,SAF.PA,oui,oui,non,oui,-0.3541
2024-07-19,ENGI.PA,non,oui,non,oui,9.5741
2024-07-26,AI.PA,non,oui,non,non,-0.8367
2024-07-26,KER.PA,non,non,non,non,-8.5151
2024-07-26,ORA.PA,non,oui,oui,non,0.0487
2024-07-26,SAF.PA,non,non,non,non,-3.0973
2024-07-26,ENGI.PA,non,oui,non,non,7.4472
2024-08-02,AI.PA,non,oui,non,non,3.2053
2024-08-02,KER.PA,non,non,non,non,-4.9192
2024-08-02,ORA.PA,non,oui,oui,non,-0.435
2024-08-02,SAF.PA,oui,non,non,non,3.5574
2024-08-02,ENGI.PA,non,oui,non,non,6.7694
2024-08-09,AI.PA,non,non,non,non,-0.7579
2024-08-09,KER.PA,oui,non,non,non,-7.1892
2024-08-09,ORA.PA,non,oui,non,non,6.4596
2024-08-09,SAF.PA,oui,non,non,non,-0.1039
2024-08-09,ENGI.PA,non,oui,non,non,5.6029
2024-08-16,AI.PA,non,non,oui,oui,2.6163
2024-08-16,KER.PA,non,non,non,oui,-10.0197
2024-08-16,ORA.PA,non,non,oui,oui,5.9971
2024-08-16,SAF.PA,non,non,non,oui,3.198
2024-08-16,ENGI.PA,non,oui,oui,oui,1.8953
2024-08-23,AI.PA,non,non,oui,non,1.0849
2024-08-23,KER.PA,non,non,non,non,-13.3654
2024-08-23,ORA.PA,non,non,non,non,5.4015
2024-08-23,SAF.PA,non,non,non,non,6.6464
2024-08-23,ENGI.PA,non,oui,non,non,1.8375
2024-08-30,AI.PA,non,oui,oui,non,4.4215
2024-08-30,KER.PA,non,oui,non,non,3.0309
2024-08-30,ORA.PA,non,oui,non,non,1.2621
2024-08-30,SAF.PA,non,oui,non,non,7.805
2024-08-30,ENGI.PA,non,oui,oui,non,-1.8832
2024-09-06,AI.PA,non,oui,non,non,3.2274
2024-09-06,KER.PA,oui,non,non,non,0.127
2024-09-06,ORA.PA,non,oui,oui,non,-9.421
2024-09-06,SAF.PA,non,oui,non,non,8.1362
2024-09-06,ENGI.PA,non,oui,oui,non,-4.3128
2024-09-13,AI.PA,non,oui,oui,oui,0.329
2024-09-13,KER.PA,oui,non,non,oui,4.4323
2024-09-13,ORA.PA,non,oui,oui,oui,-7.5897
2024-09-13,SAF.PA,non,oui,oui,oui,0.7378
2024-09-13,ENGI.PA,non,oui,non,oui,-0.3468
2024-09-20,AI.PA,non,oui,non,non,3.5535
2024-09-20,KER.PA,oui,non,non,non,5.6826
2024-09-20,ORA.PA,non,oui,oui,non,-6.048
2024-09-20,SAF.PA,non,oui,oui,non,2.3311
2024-09-20,ENGI.PA,non,oui,non,non,0.8547
2024-09-27,AI.PA,non,oui,oui,non,-4.9608
2024-09-27,KER.PA,non,non,oui,non,-11.9543
2024-09-27,ORA.PA,non,oui,non,non,-3.116
2024-09-27,SAF.PA,non,oui,oui,non,-0.8904
2024-09-27,ENGI.PA,non,non,non,non,0.128
2024-10-04,AI.PA,non,oui,non,non,-0.7756
2024-10-04,KER.PA,non,oui,non,non,-2.4731
2024-10-04,ORA.PA,oui,non,non,non,2.884
2024-10-04,SAF.PA,non,oui,oui,non,1.2019
2024-10-04,ENGI.PA,non,non,non,non,0.0
2024-10-11,AI.PA,non,non,non,oui,-5.4339
2024-10-11,KER.PA,non,oui,non,oui,-7.5894
2024-10-11,ORA.PA,oui,non,non,oui,-1.6227
2024-10-11,SAF.PA,non,non,non,oui,7.3242
2024-10-11,ENGI.PA,non,non,non,oui,-3.9228
2024-10-18,AI.PA,non,non,oui,non,-7.4159
2024-10-18,KER.PA,non,non,oui,non,-6.4482
2024-10-18,ORA.PA,non,non,non,non,-3.7445
2024-10-18,SAF.PA,non,non,oui,non,0.9298
2024-10-18,ENGI.PA,non,oui,non,non,-3.3271
2024-10-25,AI.PA,non,oui,non,non,-4.3
2024-10-25,KER.PA,non,non,oui,non,-10.5767
2024-10-25,ORA.PA,non,oui,non,non,-0.8412
2024-10-25,SAF.PA,non,oui,oui,non,4.0662
2024-10-25,ENGI.PA,non,oui,non,non,-1.6613
2024-11-01,AI.PA,oui,non,non,non,-5.4239
2024-11-01,KER.PA,non,non,oui,non,-4.313
2024-11-01,ORA.PA,non,oui,non,non,0.2485
2024-11-01,SAF.PA,non,oui,non,non,4.7506
2024-11-01,ENGI.PA,non,non,non,non,-2.1725
2024-11-08,AI.PA,oui,non,non,oui,0.3468
2024-11-08,KER.PA,non,non,non,oui,7.7828
2024-11-08,ORA.PA,oui,non,non,oui,1.4846
2024-11-08,SAF.PA,non,oui,oui,oui,-3.1392
2024-11-08,ENGI.PA,oui,non,non,oui,0.4281
2024-11-15,AI.PA,oui,non,non,non,-0.6841
2024-11-15,KER.PA,non,non,non,non,9.5869
2024-11-15,ORA.PA,oui,non,non,non,1.1544
2024-11-15,SAF.PA,non,oui,non,non,-3.6849
2024-11-15,ENGI.PA,oui,non,non,non,-1.1364
2024-11-22,AI.PA,oui,non,non,non,-3.0329
2024-11-22,KER.PA,non,non,non,non,11.4707
2024-11-22,ORA.PA,non,non,non,non,-2.835
2024-11-22,SAF.PA,non,oui,oui,non,-4.5888
2024-11-22,ENGI.PA,oui,non,non,non,-3.1189
2024-11-29,AI.PA,oui,non,non,non,-0.2289
2024-11-29,KER.PA,non,non,oui,non,7.9275
2024-11-29,ORA.PA,non,oui,non,non,-1.5804
2024-11-29,SAF.PA,non,oui,non,non,-3.8095
2024-11-29,ENGI.PA,oui,non,non,non,1.4916
2024-12-06,AI.PA,non,non,non,oui,-2.7274
2024-12-06,KER.PA,non,oui,oui,oui,-4.8279
2024-12-06,ORA.PA,non,oui,non,oui,-1.2541
2024-12-06,SAF.PA,non,oui,non,oui,1.55
2024-12-06,ENGI.PA,oui,non,non,oui,3.0492
2024-12-13,AI.PA,oui,oui,non,non,-2.0664
2024-12-13,KER.PA,non,oui,oui,non,-7.7112
2024-12-13,ORA.PA,non,non,non,non,4.8387
2024-12-13,SAF.PA,oui,non,non,non,6.3128
2024-12-13,ENGI.PA,oui,non,non,non,3.8095
2024-12-20,AI.PA,oui,non,non,non,4.5179
2024-12-20,KER.PA,non,oui,oui,non,5.5397
2024-12-20,ORA.PA,non,non,non,non,8.3227
2024-12-20,SAF.PA,oui,non,non,non,11.0
2024-12-20,ENGI.PA,oui,non,non,non,4.1248
2024-12-27,AI.PA,oui,non,non,non,6.44
2024-12-27,KER.PA,non,oui,oui,non,11.3173
2024-12-27,ORA.PA,non,non,non,non,7.344
2024-12-27,SAF.PA,oui,non,non,non,11.4218
2024-12-27,ENGI.PA,non,non,non,non,1.7833
2025-01-03,AI.PA,oui,non,non,oui,9.0274
2025-01-03,KER.PA,non,non,non,oui,13.9732
2025-01-03,ORA.PA,non,non,non,oui,7.6691
2025-01-03,SAF.PA,oui,non,non,oui,13.3743
2025-01-03,ENGI.PA,non,oui,non,oui,1.8886
2025-01-10,AI.PA,non,non,non,non,8.3547
2025-01-10,KER.PA,non,non,non,non,6.999
2025-01-10,ORA.PA,non,oui,non,non,8.6285
2025-01-10,SAF.PA,non,oui,non,non,10.5263
2025-01-10,ENGI.PA,non,oui,non,non,1.3427
2025-01-17,AI.PA,non,oui,non,non,7.8019
2025-01-17,KER.PA,non,non,oui,non,15.3688
2025-01-17,ORA.PA,non,oui,oui,non,7.2896
2025-01-17,SAF.PA,non,oui,non,non,8.1794
2025-01-17,ENGI.PA,non,oui,oui,non,-3.296
2025-01-24,AI.PA,non,oui,oui,non,8.9399
2025-01-24,KER.PA,non,oui,oui,non,7.2396
2025-01-24,ORA.PA,non,oui,oui,non,9.0596
2025-01-24,SAF.PA,non,oui,oui,non,3.2558
2025-01-24,ENGI.PA,non,oui,non,non,3.5806
2025-01-31,AI.PA,non,oui,oui,oui,4.7568
2025-01-31,KER.PA,non,oui,oui,oui,6.9639
2025-01-31,ORA.PA,non,oui,oui,oui,11.2771
2025-01-31,SAF.PA,non,oui,oui,oui,4.2518
2025-01-31,ENGI.PA,non,non,oui,oui,8.3255
2025-02-07,AI.PA,non,oui,oui,non,6.6107
2025-02-07,KER.PA,non,oui,non,non,3.0629
2025-02-07,ORA.PA,non,oui,oui,non,11.2796
2025-02-07,SAF.PA,non,oui,oui,non,2.9557
2025-02-07,ENGI.PA,non,oui,oui,non,6.5931
2025-02-14,AI.PA,non,oui,oui,non,3.5497
2025-02-14,KER.PA,non,oui,oui,non,-20.1607
2025-02-14,ORA.PA,non,oui,oui,non,7.7975
2025-02-14,SAF.PA,non,oui,oui,non,1.9106
2025-02-14,ENGI.PA,non,oui,non,non,10.836
2025-02-21,AI.PA,non,oui,oui,non,-0.4933
2025-02-21,KER.PA,non,oui,oui,non,-25.343
2025-02-21,ORA.PA,non,oui,oui,non,6.8172
2025-02-21,SAF.PA,non,oui,non,non,2.5389
2025-02-21,ENGI.PA,non,oui,oui,non,9.3117
2025-02-28,AI.PA,non,oui,oui,oui,-0.1699
2025-02-28,KER.PA,non,oui,oui,oui,-26.5068
2025-02-28,ORA.PA,non,oui,oui,oui,2.6418
2025-02-28,SAF.PA,non,oui,oui,oui,-1.7593
2025-02-28,ENGI.PA,non,oui,oui,oui,4.7564
2025-03-07,AI.PA,non,oui,oui,non,-3.9379
2025-03-07,KER.PA,non,non,non,non,-31.3815
2025-03-07,ORA.PA,non,oui,oui,non,3.7905
2025-03-07,SAF.PA,non,oui,non,non,-12.9585
2025-03-07,ENGI.PA,non,oui,oui,non,9.2039
2025-03-14,AI.PA,non,oui,oui,non,-6.623
2025-03-14,KER.PA,oui,non,non,non,-24.8401
2025-03-14,ORA.PA,non,oui,oui,non,3.2572
2025-03-14,SAF.PA,non,non,non,non,-18.3486
2025-03-14,ENGI.PA,non,oui,oui,non,4.7868
2025-03-21,AI.PA,non,oui,non,non,-1.4872
2025-03-21,KER.PA,oui,non,non,non,-17.8337
2025-03-21,ORA.PA,non,oui,oui,non,7.7768
2025-03-21,SAF.PA,non,oui,non,non,-14.377
2025-03-21,ENGI.PA,non,oui,oui,non,7.6638
2025-03-28,AI.PA,non,non,non,oui,1.4179
2025-03-28,KER.PA,oui,non,non,oui,-10.4698
2025-03-28,ORA.PA,non,oui,non,oui,5.7806
2025-03-28,SAF.PA,non,non,non,oui,-6.2271
2025-03-28,ENGI.PA,non,oui,oui,oui,7.2994
2025-04-04,AI.PA,non,non,non,non,5.3811
2025-04-04,KER.PA,oui,non,non,non,2.4287
2025-04-04,ORA.PA,non,oui,oui,non,5.2113
2025-04-04,SAF.PA,oui,non,non,non,11.1773
2025-04-04,ENGI.PA,non,oui,oui,non,8.2685
2025-04-11,AI.PA,oui,non,non,non,8.5898
2025-04-11,KER.PA,oui,non,non,non,12.543
2025-04-11,ORA.PA,non,oui,non,non,1.27
2025-04-11,SAF.PA,oui,non,non,non,23.107
2025-04-11,ENGI.PA,non,oui,oui,non,6.2471
2025-04-17,AI.PA,non,non,non,non,9.2771
2025-04-17,KER.PA,oui,non,non,non,13.4737
2025-04-17,ORA.PA,non,oui,oui,non,5.5644
2025-04-17,SAF.PA,oui,non,non,non,23.0914
2025-04-17,ENGI.PA,non,oui,oui,non,9.4356
2025-04-25,AI.PA,non,oui,non,oui,5.8391
2025-04-25,KER.PA,oui,non,non,oui,2.6468
2025-04-25,ORA.PA,non,oui,non,oui,8.232
2025-04-25,SAF.PA,non,non,non,oui,12.9943
2025-04-25,ENGI.PA,non,oui,oui,oui,9.297
2025-05-02,AI.PA,non,oui,oui,non,0.2392
2025-05-02,KER.PA,non,oui,non,non,-4.6259
2025-05-02,ORA.PA,non,oui,non,non,3.6292
2025-05-02,SAF.PA,non,oui,non,non,8.6513
2025-05-02,ENGI.PA,non,oui,oui,non,4.8027
2025-05-09,AI.PA,non,oui,non,non,1.5564
2025-05-09,KER.PA,non,oui,non,non,-2.5405
2025-05-09,ORA.PA,non,oui,non,non,3.7736
2025-05-09,SAF.PA,non,oui,non,non,8.2583
2025-05-09,ENGI.PA,non,oui,oui,non,6.3907
2025-05-16,AI.PA,non,oui,non,non,-0.2945
2025-05-16,KER.PA,non,oui,non,non,-3.3274
2025-05-16,ORA.PA,non,non,non,non,3.65
2025-05-16,SAF.PA,non,oui,non,non,-0.0172
2025-05-16,ENGI.PA,non,oui,oui,non,8.1927
2025-05-23,AI.PA,non,oui,non,oui,-2.8056
2025-05-23,KER.PA,non,oui,non,oui,3.3006
2025-05-23,ORA.PA,non,oui,non,oui,-0.7792
2025-05-23,SAF.PA,non,oui,non,oui,3.2712
2025-05-23,ENGI.PA,non,oui,oui,oui,3.0574
2025-05-30,AI.PA,non,oui,non,non,-3.1908
2025-05-30,KER.PA,non,non,non,non,6.8693
2025-05-30,ORA.PA,non,oui,non,non,1.1635
2025-05-30,SAF.PA,non,oui,non,non,4.1316
2025-05-30,ENGI.PA,non,oui,oui,non,4.3982
2025-06-06,AI.PA,non,oui,non,non,-4.6005
2025-06-06,KER.PA,non,non,non,non,14.2676
2025-06-06,ORA.PA,oui,oui,non,non,4.931
2025-06-06,SAF.PA,non,oui,non,non,1.5431
2025-06-06,ENGI.PA,non,oui,non,non,3.6041
2025-06-13,AI.PA,non,non,non,non,-4.2123
2025-06-13,KER.PA,non,non,non,non,15.1234
2025-06-13,ORA.PA,oui,non,non,non,1.8824
2025-06-13,SAF.PA,non,oui,non,non,10.387
2025-06-13,ENGI.PA,non,oui,oui,non,-1.0314
2025-06-20,AI.PA,oui,non,non,oui,-3.7816
2025-06-20,KER.PA,non,oui,non,oui,10.2335
2025-06-20,ORA.PA,oui,non,non,oui,3.1678
2025-06-20,SAF.PA,non,non,non,oui,9.6464
2025-06-20,ENGI.PA,non,oui,non,oui,-0.3836
2025-06-27,AI.PA,oui,non,non,non,-2.7749
2025-06-27,KER.PA,non,oui,oui,non,20.4126
2025-06-27,ORA.PA,oui,oui,non,non,3.7787
2025-06-27,SAF.PA,non,oui,oui,non,1.9471
2025-06-27,ENGI.PA,non,oui,non,non,-0.782
2025-07-04,AI.PA,oui,non,non,non,-2.7425
2025-07-04,KER.PA,non,oui,oui,non,9.0895
2025-07-04,ORA.PA,non,oui,non,non,3.9474
2025-07-04,SAF.PA,non,oui,non,non,3.8918
2025-07-04,ENGI.PA,non,oui,non,non,-3.5039
2025-07-11,AI.PA,oui,non,non,non,-0.7539
2025-07-11,KER.PA,non,oui,oui,non,8.5414
2025-07-11,ORA.PA,oui,oui,non,non,7.2363
2025-07-11,SAF.PA,non,oui,oui,non,4.186
2025-07-11,ENGI.PA,oui,oui,non,non,-5.1856
2025-07-18,AI.PA,oui,non,non,oui,4.7791
2025-07-18,KER.PA,non,oui,oui,oui,7.2514
2025-07-18,ORA.PA,oui,oui,non,oui,9.4769
2025-07-18,SAF.PA,non,oui,oui,oui,2.2783
2025-07-18,ENGI.PA,oui,non,non,oui,-2.9012
2025-07-25,AI.PA,oui,non,non,non,6.6636
2025-07-25,KER.PA,non,oui,oui,non,0.9017
2025-07-25,ORA.PA,non,oui,non,non,8.7087
2025-07-25,SAF.PA,non,oui,non,non,4.6847
2025-07-25,ENGI.PA,oui,non,non,non,-4.5512
2025-08-01,AI.PA,oui,non,non,non,3.5248
2025-08-01,KER.PA,non,oui,oui,non,6.0143
2025-08-01,ORA.PA,non,oui,oui,non,0.5425
2025-08-01,SAF.PA,non,oui,non,non,1.6411
2025-08-01,ENGI.PA,oui,non,non,non,-7.5758
2025-08-08,AI.PA,non,non,non,non,0.9207
2025-08-08,KER.PA,non,oui,oui,non,10.0626
2025-08-08,ORA.PA,non,oui,oui,non,-2.1895
2025-08-08,SAF.PA,non,oui,non,non,-4.4643
2025-08-08,ENGI.PA,oui,non,non,non,-5.4156
2025-08-15,AI.PA,non,oui,non,oui,-1.6535
2025-08-15,KER.PA,non,oui,non,oui,14.009
2025-08-15,ORA.PA,non,oui,oui,oui,-3.7396
2025-08-15,SAF.PA,non,oui,non,oui,-2.1247
2025-08-15,ENGI.PA,oui,non,non,oui,-3.7546
2025-08-22,AI.PA,non,oui,non,non,-4.0629
2025-08-22,KER.PA,non,oui,oui,non,19.7274
2025-08-22,ORA.PA,non,oui,oui,non,-5.3522
2025-08-22,SAF.PA,non,oui,non,non,0.3787
2025-08-22,ENGI.PA,oui,non,non,non,-4.7416
2025-08-29,AI.PA,non,oui,non,non,-0.4313
2025-08-29,KER.PA,non,oui,oui,non,20.0087
2025-08-29,ORA.PA,non,oui,non,non,-1.0072
2025-08-29,SAF.PA,non,non,non,non,3.8961
2025-08-29,ENGI.PA,oui,non,non,non,3.3917
2025-09-05,AI.PA,non,non,non,non,-2.1097
2025-09-05,KER.PA,non,oui,oui,non,25.4898
2025-09-05,ORA.PA,oui,non,non,non,-2.2385
2025-09-05,SAF.PA,oui,non,non,non,8.9504
2025-09-05,ENGI.PA,oui,non,non,non,6.0941
2025-09-12,AI.PA,non,non,non,oui,-4.3105
2025-09-12,KER.PA,non,oui,oui,oui,28.0563
2025-09-12,ORA.PA,oui,non,non,oui,-2.2302
2025-09-12,SAF.PA,oui,non,non,oui,4.0966
2025-09-12,ENGI.PA,oui,non,non,oui,3.956
2025-09-19,AI.PA,non,non,non,non,-1.628
2025-09-19,KER.PA,non,oui,oui,non,15.5253
2025-09-19,ORA.PA,oui,non,non,non,4.5969
2025-09-19,SAF.PA,non,non,non,non,1.8176
2025-09-19,ENGI.PA,oui,oui,non,non,9.9273
2025-09-26,AI.PA,non,non,non,non,-1.687
2025-09-26,KER.PA,non,oui,oui,non,20.6
2025-09-26,ORA.PA,oui,non,non,non,1.1628
2025-09-26,SAF.PA,non,oui,non,non,2.8716
2025-09-26,ENGI.PA,non,oui,non,non,7.6818
2025-10-03,AI.PA,non,non,non,non,-2.1901
2025-10-03,KER.PA,non,oui,oui,non,3.0049
2025-10-03,ORA.PA,oui,non,non,non,3.8664
2025-10-03,SAF.PA,non,oui,non,non,1.5836
2025-10-03,ENGI.PA,non,oui,non,non,8.4691
2025-10-10,AI.PA,oui,non,non,oui,-0.1651
2025-10-10,KER.PA,non,oui,oui,oui,-2.945
2025-10-10,ORA.PA,oui,non,non,oui,4.231
2025-10-10,SAF.PA,non,oui,non,oui,1.2782
2025-10-10,ENGI.PA,non,oui,non,oui,11.8922
2025-10-17,AI.PA,non,non,non,non,-1.0068
2025-10-17,KER.PA,non,oui,oui,non,3.5697
2025-10-17,ORA.PA,non,oui,non,non,-2.1974
2025-10-17,SAF.PA,oui,oui,non,non,2.5261
2025-10-17,ENGI.PA,non,oui,oui,non,10.9132
2025-10-24,AI.PA,non,non,non,non,-3.8029
2025-10-24,KER.PA,non,oui,oui,non,-10.689
2025-10-24,ORA.PA,non,oui,non,non,0.1796
2025-10-24,SAF.PA,non,oui,non,non,-4.959
2025-10-24,ENGI.PA,non,oui,oui,non,9.7741
2025-10-31,AI.PA,non,oui,non,non,-1.6675
2025-10-31,KER.PA,non,oui,non,non,-4.5632
2025-10-31,ORA.PA,non,oui,non,non,2.5659
2025-10-31,SAF.PA,non,oui,non,non,-5.7161
2025-10-31,ENGI.PA,non,oui,oui,non,7.8818
2025-11-07,AI.PA,non,non,non,oui,-3.6972
2025-11-07,KER.PA,oui,non,non,oui,-1.4671
2025-11-07,ORA.PA,non,non,non,oui,-0.8985
2025-11-07,SAF.PA,oui,oui,non,oui,-2.7234
2025-11-07,ENGI.PA,non,oui,oui,oui,1.1337
2025-11-14,AI.PA,non,non,non,non,-7.2948
2025-11-14,KER.PA,non,non,non,non,-7.6107
2025-11-14,ORA.PA,non,oui,non,non,-0.3108
2025-11-14,SAF.PA,non,oui,non,non,-4.3035
2025-11-14,ENGI.PA,non,oui,oui,non,-0.4587
2025-11-21,AI.PA,oui,non,non,non,-3.8809
2025-11-21,KER.PA,oui,non,non,non,2.1438
2025-11-21,ORA.PA,non,oui,non,non,1.9104
2025-11-21,SAF.PA,oui,non,non,non,5.8397
2025-11-21,ENGI.PA,non,oui,oui,non,3.0527
2025-11-28,AI.PA,oui,non,non,non,-2.7253
2025-11-28,KER.PA,oui,non,non,non,2.6298
2025-11-28,ORA.PA,non,oui,non,non,2.6348
2025-11-28,SAF.PA,oui,non,non,non,2.4457
2025-11-28,ENGI.PA,non,oui,oui,non,2.3288
2025-12-05,AI.PA,oui,non,non,oui,-4.3665
2025-12-05,KER.PA,oui,non,non,oui,2.978
2025-12-05,ORA.PA,non,oui,non,oui,5.2038
2025-12-05,SAF.PA,oui,non,non,oui,10.14
2025-12-05,ENGI.PA,non,oui,non,oui,10.6492
2025-12-12,AI.PA,oui,non,non,non,1.8663
2025-12-12,KER.PA,oui,non,non,non,5.5007
2025-12-12,ORA.PA,non,oui,non,non,6.25
2025-12-12,SAF.PA,oui,non,non,non,9.921
2025-12-12,ENGI.PA,non,non,non,non,9.4009
2025-12-19,AI.PA,oui,non,non,non,-2.3574
2025-12-19,KER.PA,oui,oui,non,non,-8.8425
2025-12-19,ORA.PA,non,oui,non,non,3.3429
2025-12-19,SAF.PA,non,oui,non,non,3.0362
2025-12-19,ENGI.PA,non,oui,non,non,6.912
2025-12-24,AI.PA,non,non,non,non,-1.6623
2025-12-24,KER.PA,oui,oui,non,non,-9.8853
2025-12-24,ORA.PA,non,oui,non,non,8.2889
2025-12-24,SAF.PA,non,oui,non,non,2.8066
2025-12-24,ENGI.PA,non,oui,non,non,10.3791
2026-01-02,AI.PA,non,non,non,oui,-0.6667
2026-01-02,KER.PA,oui,oui,non,oui,-12.9334
2026-01-02,ORA.PA,non,oui,oui,oui,8.9261
2026-01-02,SAF.PA,non,oui,non,oui,-2.0182
2026-01-02,ENGI.PA,non,oui,oui,oui,9.273
2026-01-09,AI.PA,non,non,non,non,5.6297
2026-01-09,KER.PA,non,oui,non,non,-18.3741
2026-01-09,ORA.PA,non,oui,non,non,16.3086
2026-01-09,SAF.PA,non,oui,oui,non,-2.931
2026-01-09,ENGI.PA,non,oui,oui,non,7.9378
2026-01-16,AI.PA,non,non,non,non,6.3937
2026-01-16,KER.PA,oui,oui,non,non,-1.5068
2026-01-16,ORA.PA,non,oui,oui,non,16.1476
2026-01-16,SAF.PA,non,oui,oui,non,3.773
2026-01-16,ENGI.PA,non,oui,non,non,9.4379
2026-01-23,AI.PA,non,non,non,non,11.3818
2026-01-23,KER.PA,oui,non,non,non,1.1093
2026-01-23,ORA.PA,non,oui,oui,non,18.4518
2026-01-23,SAF.PA,non,oui,non,non,11.5979
2026-01-23,ENGI.PA,non,oui,non,non,9.1286
2026-01-30,AI.PA,non,non,oui,oui,12.853
2026-01-30,KER.PA,oui,non,non,oui,8.234
2026-01-30,ORA.PA,non,oui,oui,oui,16.4533
2026-01-30,SAF.PA,oui,non,non,oui,12.9568
2026-01-30,ENGI.PA,non,oui,oui,oui,15.259
2026-02-06,AI.PA,non,oui,oui,non,-0.2623
2026-02-06,KER.PA,oui,non,non,non,-0.2519
2026-02-06,ORA.PA,non,oui,oui,non,5.8449
2026-02-06,SAF.PA,non,non,non,non,3.1494
2026-02-06,ENGI.PA,non,oui,oui,non,2.5292
2026-02-13,AI.PA,non,oui,oui,non,0.8737
2026-02-13,KER.PA,non,oui,non,non,-12.5374
2026-02-13,ORA.PA,non,oui,oui,non,2.1277
2026-02-13,SAF.PA,non,oui,oui,non,-8.5337
2026-02-13,ENGI.PA,non,oui,oui,non,5.941
2026-02-20,AI.PA,non,oui,oui,non,-4.7391
2026-02-20,KER.PA,non,oui,non,non,-15.7734
2026-02-20,ORA.PA,non,oui,oui,non,-3.5775
2026-02-20,SAF.PA,non,oui,oui,non,-18.7067
2026-02-20,ENGI.PA,non,oui,non,non,0.7985
2026-02-27,AI.PA,non,oui,oui,oui,-2.9735
2026-02-27,KER.PA,non,oui,non,oui,-13.1514
2026-02-27,ORA.PA,non,oui,oui,oui,-4.8928
2026-02-27,SAF.PA,non,oui,oui,oui,-18.1176
2026-02-27,ENGI.PA,non,oui,oui,oui,-7.2589
2026-03-06,AI.PA,non,oui,non,non,8.4877
2026-03-06,KER.PA,oui,non,non,non,0.136
2026-03-06,ORA.PA,non,oui,non,non,3.0043
2026-03-06,SAF.PA,non,oui,non,non,-10.9223
2026-03-06,ENGI.PA,oui,oui,non,non,10.1708
2026-03-13,AI.PA,non,non,oui,non,9.5974
2026-03-13,KER.PA,oui,non,non,non,12.5854
2026-03-13,ORA.PA,non,non,non,non,1.4555
2026-03-13,SAF.PA,oui,non,non,non,4.2707
2026-03-13,ENGI.PA,non,oui,non,non,4.1245
2026-03-20,AI.PA,non,non,non,non,11.4805
2026-03-20,KER.PA,oui,non,non,non,3.865
2026-03-20,ORA.PA,non,non,non,non,3.0967
2026-03-20,SAF.PA,oui,non,non,non,0.2841
2026-03-20,ENGI.PA,oui,non,non,non,5.5074
2026-03-27,AI.PA,non,non,oui,oui,5.0191
2026-03-27,KER.PA,non,non,non,oui,-4.9134
2026-03-27,ORA.PA,non,non,non,oui,1.2428
2026-03-27,SAF.PA,oui,non,non,oui,-2.5503
2026-03-27,ENGI.PA,oui,non,non,oui,6.2989
2026-04-02,AI.PA,non,oui,oui,non,-0.5983
2026-04-02,KER.PA,non,oui,oui,non,-14.0811
2026-04-02,ORA.PA,non,oui,non,non,0.1398
2026-04-02,SAF.PA,oui,non,non,non,-5.221
2026-04-02,ENGI.PA,non,oui,non,non,0.5504
2026-04-10,AI.PA,non,oui,oui,non,-6.6511
2026-04-10,KER.PA,non,oui,oui,non,-13.7276
2026-04-10,ORA.PA,non,oui,non,non,1.6996
2026-04-10,SAF.PA,non,non,non,non,-9.2244
2026-04-10,ENGI.PA,non,oui,non,non,-0.9755
2026-04-17,AI.PA,non,oui,oui,non,-4.1916
2026-04-17,KER.PA,non,oui,non,non,-5.5599
2026-04-17,ORA.PA,oui,oui,non,non,7.2054
2026-04-17,SAF.PA,non,oui,non,non,-13.1303
2026-04-17,ENGI.PA,oui,oui,non,non,1.1784
2026-04-24,AI.PA,non,oui,oui,oui,-0.1332
2026-04-24,KER.PA,non,non,non,oui,3.0202
2026-04-24,ORA.PA,oui,oui,non,oui,2.7762
2026-04-24,SAF.PA,oui,oui,non,oui,11.6667
2026-04-24,ENGI.PA,oui,oui,non,oui,1.3322
2026-04-30,AI.PA,non,oui,non,non,-0.6452
2026-04-30,KER.PA,non,non,non,non,9.7572
2026-04-30,ORA.PA,oui,non,non,non,0.9285
2026-04-30,SAF.PA,oui,non,non,non,13.2362
2026-04-30,ENGI.PA,non,non,non,non,-5.7
2026-05-08,AI.PA,oui,non,non,non,6.974
2026-05-08,KER.PA,non,non,non,non,2.5823
2026-05-08,ORA.PA,oui,oui,non,non,-2.2154
2026-05-08,SAF.PA,non,non,non,non,5.4327
2026-05-08,ENGI.PA,oui,oui,non,non,-0.1853
2026-05-15,AI.PA,oui,non,non,non,7.2969
2026-05-15,KER.PA,non,non,non,non,14.5713
2026-05-15,ORA.PA,oui,oui,non,non,0.394
2026-05-15,SAF.PA,oui,non,non,non,14.0528
2026-05-15,ENGI.PA,oui,oui,non,non,3.4211
2026-05-22,AI.PA,non,non,non,oui,0.1087
2026-05-22,KER.PA,non,oui,non,oui,13.6374
2026-05-22,ORA.PA,oui,oui,non,oui,-3.7485
2026-05-22,SAF.PA,non,oui,non,oui,16.8776
2026-05-22,ENGI.PA,oui,non,non,oui,-1.2514
2026-05-29,AI.PA,non,oui,non,non,6.7756
2026-05-29,KER.PA,non,oui,oui,non,5.7558
2026-05-29,ORA.PA,oui,oui,non,non,-2.9
2026-05-29,SAF.PA,non,oui,oui,non,8.8322
2026-05-29,ENGI.PA,oui,non,non,non,3.1734
2026-06-05,AI.PA,non,oui,non,non,8.1407
2026-06-05,KER.PA,non,oui,oui,non,-0.4009
2026-06-05,ORA.PA,oui,non,non,non,-6.7037
2026-06-05,SAF.PA,non,oui,non,non,19.4975
2026-06-05,ENGI.PA,oui,non,non,non,2.9324
2026-06-12,AI.PA,non,oui,non,non,3.5651
2026-06-12,KER.PA,non,oui,oui,non,-7.3971
2026-06-12,ORA.PA,non,non,non,non,-11.0177
2026-06-12,SAF.PA,non,oui,oui,non,9.8007
2026-06-12,ENGI.PA,non,non,non,non,-2.2901
2026-06-19,AI.PA,oui,oui,non,oui,7.4927
2026-06-19,KER.PA,non,oui,oui,oui,-7.2256
2026-06-19,ORA.PA,oui,non,non,oui,-3.6289
2026-06-19,SAF.PA,non,oui,oui,oui,0.0304
2026-06-19,ENGI.PA,oui,oui,non,oui,0.1118
2026-06-26,AI.PA,non,oui,non,non,2.1173
2026-06-26,KER.PA,non,oui,oui,non,-9.2679
2026-06-26,ORA.PA,oui,non,non,non,-4.8292
2026-06-26,SAF.PA,non,oui,oui,non,-0.8717
2026-06-26,ENGI.PA,non,oui,non,non,1.7576
2026-07-03,AI.PA,non,oui,oui,non,-5.3134
2026-07-03,KER.PA,non,non,non,non,14.3892
2026-07-03,ORA.PA,oui,non,non,non,4.4767
2026-07-03,SAF.PA,non,oui,oui,non,-5.1304
2026-07-03,ENGI.PA,non,oui,non,non,-2.2358
2026-07-10,AI.PA,non,oui,non,non,-1.1015
2026-07-10,KER.PA,non,non,non,non,15.3521
2026-07-10,ORA.PA,oui,non,non,non,3.6862
2026-07-10,SAF.PA,non,oui,oui,non,6.3374
2026-07-10,ENGI.PA,oui,oui,non,non,-0.5952
2026-07-17,AI.PA,non,oui,non,oui,-4.647
2026-07-17,KER.PA,non,non,non,oui,6.4407
2026-07-17,ORA.PA,non,non,non,oui,-0.3644
2026-07-17,SAF.PA,non,non,non,oui,9.4082
2026-07-17,ENGI.PA,oui,non,non,oui,-4.2442
2026-07-24,AI.PA,non,oui,non,non,-5.3252
2026-07-24,KER.PA,non,non,non,non,4.9525
2026-07-24,ORA.PA,oui,oui,non,non,-1.2067
2026-07-24,SAF.PA,non,non,non,non,4.1844
2026-07-24,ENGI.PA,non,oui,non,non,-8.996
2026-07-31,AI.PA,oui,non,non,non,-0.5389
2026-07-31,KER.PA,non,oui,oui,non,-10.556
2026-07-31,ORA.PA,non,oui,non,non,-8.2981
2026-07-31,SAF.PA,non,non,non,non,1.714
2026-07-31,ENGI.PA,non,non,non,non,-9.6274
2026-08-07,AI.PA,non,non,non,non,-1.1254
2026-08-07,KER.PA,non,oui,oui,non,-14.4601
2026-08-07,ORA.PA,non,oui,non,non,-6.7761
2026-08-07,SAF.PA,non,oui,oui,non,-6.6872
2026-08-07,ENGI.PA,non,non,non,non,-10.1422
2026-08-14,AI.PA,oui,non,non,oui,
2026-08-14,KER.PA,non,oui,non,oui,
2026-08-14,ORA.PA,non,non,non,oui,
2026-08-14,SAF.PA,non,oui,non,oui,
2026-08-14,ENGI.PA,oui,non,non,oui,
2026-08-21,AI.PA,oui,non,non,non,
2026-08-21,KER.PA,non,non,non,non,
2026-08-21,ORA.PA,non,non,non,non,
2026-08-21,SAF.PA,non,oui,non,non,
2026-08-21,ENGI.PA,oui,non,non,non,
2026-08-28,AI.PA,oui,non,non,non,
2026-08-28,KER.PA,non,non,non,non,
2026-08-28,ORA.PA,oui,non,non,non,
2026-08-28,SAF.PA,non,non,non,non,
2026-08-28,ENGI.PA,oui,non,non,non,
2026-09-04,AI.PA,non,oui,non,non,
2026-09-04,KER.PA,oui,non,non,non,
2026-09-04,ORA.PA,oui,non,non,non,
2026-09-04,SAF.PA,oui,non,non,non,
2026-09-04,ENGI.PA,oui,non,non,non,
2026-09-10,AI.PA,oui,oui,non,oui,
2026-09-10,KER.PA,oui,non,non,oui,
2026-09-10,ORA.PA,non,non,non,oui,
2026-09-10,SAF.PA,oui,non,non,oui,
2026-09-10,ENGI.PA,oui,non,non,oui,
