decision,effet,taux
,2022-06-01,11.00
2022-06-10,2022-06-14,9.50
2022-07-22,2022-07-25,8.00
2022-09-16,2022-09-19,7.50
2023-07-21,2023-07-24,8.50
2023-08-15,2023-08-15,12.00
2023-09-15,2023-09-18,13.00
2023-10-27,2023-10-30,15.00
2023-12-15,2023-12-18,16.00
2024-07-26,2024-07-29,18.00
2024-09-13,2024-09-16,19.00
2024-10-25,2024-10-28,21.00
2025-06-06,2025-06-09,20.00
2025-07-25,2025-07-28,18.00
2025-09-12,2025-09-15,17.00
2025-10-24,2025-10-27,16.50
2025-12-19,2025-12-22,16.00
2026-02-13,2026-02-16,15.50
2026-03-20,2026-03-23,15.00
2026-04-24,2026-04-27,14.50
2026-06-19,2026-06-22,14.25
2026-07-24,2026-07-27,14.00
