DATE,L5-P1,L10-P1,L5-P2,L10-P2,APPARIEE,REFERENCE100
2022-01-03,100.0,100.0,100.0,100.0,100.0,100.0
2022-01-04,100.0,100.0,100.0,100.0,100.0,101.2989
2022-01-05,100.0,100.0,100.0,100.0,100.0,102.2368
2022-01-06,100.0,100.0,100.0,100.0,100.0,101.2356
2022-01-07,98.5731,99.3085,100.0,100.0,100.0,101.1555
2022-01-10,97.8479,98.9421,98.6902,99.3779,100.0,99.7746
2022-01-11,97.8929,98.9866,99.1822,99.6062,100.2193,100.5923
2022-01-12,97.8124,98.9554,99.2789,99.6474,100.3875,101.219
2022-01-13,97.8673,98.9772,98.6774,99.367,100.4656,101.5111
2022-01-14,96.8838,98.4973,98.1331,99.1065,100.2525,100.7062
2022-01-17,98.3833,99.2238,99.3617,99.6814,100.4327,101.388
2022-01-18,97.0902,98.607,98.5103,99.2853,100.1716,100.411
2022-01-19,97.1724,98.6624,99.2681,99.6416,100.1784,100.4366
2022-01-20,97.5686,98.8597,99.6396,99.8205,100.2232,100.6032
2022-01-21,96.4186,98.3008,98.8191,99.4328,99.7043,98.6802
2022-01-24,93.2473,96.7616,96.5094,98.352,98.6804,94.8998
2022-01-25,93.0696,96.6737,96.0264,98.1288,98.8158,95.4004
2022-01-26,95.1033,97.7323,96.8707,98.5219,99.3383,97.3535
2022-01-27,95.8146,98.2981,96.9986,98.578,99.4028,97.5952
2022-01-28,94.3254,97.5057,96.3727,98.2839,99.1031,96.4708
2022-01-31,95.3489,98.0006,96.7679,98.4675,99.2194,96.9072
2022-02-01,97.272,99.0582,98.1883,99.1436,99.5955,98.3153
2022-02-02,97.8855,99.472,99.1471,99.5952,99.6963,98.6894
2022-02-03,95.5908,98.5211,97.5415,98.8438,99.4065,97.6239
2022-02-04,94.8791,98.255,97.0016,98.5985,99.1506,96.6708
2022-02-07,95.7634,98.7091,97.3281,98.7558,99.3075,97.2551
2022-02-08,96.1414,98.7969,97.3983,98.7892,99.457,97.8119
2022-02-09,98.2616,99.9167,98.5854,99.35,99.8713,99.3594
2022-02-10,97.6454,99.5205,97.9869,99.0622,99.8661,99.3401
2022-02-11,96.1825,98.7767,97.1905,98.6691,99.5872,98.2942
2022-02-14,94.3756,97.9607,96.0468,98.1468,99.0087,96.1182
2022-02-15,95.6713,99.0538,96.9826,98.5183,99.4956,97.5897
2022-02-16,94.7614,98.5015,95.9486,98.0603,99.4559,97.4695
2022-02-17,94.5706,98.3176,96.1605,98.1604,99.3571,97.1675
2022-02-18,94.6608,98.2372,96.5563,98.3357,99.2717,96.9075
2022-02-21,92.9499,96.4812,94.8118,97.2957,98.4173,94.9766
2022-02-22,93.0188,96.1177,94.6984,97.421,98.4688,95.0684
2022-02-23,93.01,95.8322,94.4068,97.099,98.4289,95.0095
2022-02-24,90.4081,91.173,90.4767,93.3666,95.9927,91.4091
2022-02-25,93.6275,94.6559,93.6085,95.2166,98.086,94.5272
2022-02-28,92.7698,91.9856,91.3142,92.954,97.5091,93.667
2022-03-01,89.8039,86.6585,87.4432,89.9723,95.2519,90.2666
2022-03-02,90.1948,86.2521,88.2793,90.3784,95.6054,90.8021
2022-03-03,89.0473,85.0145,87.5755,90.1208,94.682,89.404
2022-03-04,84.3654,79.6084,82.6897,86.6564,91.8139,85.0796
2022-03-07,83.2146,77.7309,81.049,85.6036,90.9344,83.7464
2022-03-08,81.7107,78.5572,80.4615,85.9592,90.7606,83.4825
2022-03-09,88.346,85.774,87.3635,90.5967,94.4824,89.1114
2022-03-10,85.7132,82.7483,84.3175,88.4482,93.0398,86.9457
2022-03-11,86.2107,83.0776,84.7653,88.8532,93.4907,87.6262
2022-03-14,87.2505,85.1453,86.7617,90.4145,94.525,89.1874
2022-03-15,86.9248,85.3576,86.2949,90.2881,94.5241,89.1862
2022-03-16,91.2896,89.3195,90.5976,93.1166,96.5892,92.294
2022-03-17,92.1655,89.9889,91.0816,93.2722,96.7429,92.5241
2022-03-18,93.5701,90.3704,92.1148,93.5106,96.8914,92.7463
2022-03-21,93.407,89.8026,91.6461,93.3381,96.7156,92.4833
2022-03-22,94.1519,91.0751,92.5089,94.027,97.375,93.4699
2022-03-23,93.1385,89.6542,91.0087,93.119,96.6956,92.4538
2022-03-24,93.2054,88.9111,90.2497,92.648,96.3462,91.9304
2022-03-25,93.3187,88.5613,89.8318,92.3354,96.4194,92.0402
2022-03-28,94.0392,89.3578,90.9059,93.0346,96.5363,92.2158
2022-03-29,97.3675,93.1626,94.974,96.3746,98.7226,94.9772
2022-03-30,97.6967,92.7183,94.5714,95.8358,98.0386,94.1167
2022-03-31,96.7724,91.7044,93.8531,95.2237,97.3073,92.8917
2022-04-01,97.4459,92.1784,93.7687,95.4165,97.3581,92.9919
2022-04-04,98.0575,92.1782,94.0287,95.2757,97.6504,93.5675
2022-04-05,98.1774,90.3861,93.0704,93.5401,96.8068,91.8982
2022-04-06,96.6062,88.9646,91.7565,92.536,95.9547,90.1941
2022-04-07,96.1175,87.965,90.9615,91.6714,95.7834,89.8508
2022-04-08,96.906,88.9544,91.9686,92.5045,96.3945,90.8602
2022-04-11,97.4902,90.125,92.8384,93.7874,96.6092,91.1597
2022-04-12,97.8307,90.1093,93.1596,93.8239,96.4238,90.9025
2022-04-13,98.0204,90.4924,93.4313,94.0835,96.4682,90.964
2022-04-14,97.9825,90.8188,93.6205,94.3616,97.0386,91.7534
2022-04-19,97.9395,90.5934,93.6693,94.0995,96.8424,91.4815
2022-04-20,98.6128,92.2854,94.8603,95.5582,97.7529,92.7438
2022-04-21,99.6005,93.3903,96.2373,96.5727,98.403,93.6425
2022-04-22,98.2769,92.2022,94.7122,95.4184,97.313,92.1383
2022-04-25,97.0965,91.3298,93.2111,94.2407,96.5167,91.0389
2022-04-26,97.5924,91.16,93.5259,94.1757,96.1658,90.5535
2022-04-27,97.8617,90.4145,93.5401,93.667,96.3062,90.7474
2022-04-28,98.7771,91.0894,94.3091,94.2324,97.0009,91.7102
2022-04-29,99.0051,91.2224,94.6239,94.3943,97.272,92.0861
2022-05-02,98.1345,90.0595,93.4504,93.2657,96.2316,90.6427
2022-05-03,99.1338,91.5949,95.3345,94.7425,97.1417,91.9061
2022-05-04,98.6204,90.9959,94.7287,94.0908,96.3851,90.8589
2022-05-05,98.3244,90.3592,94.3102,93.5696,96.0224,90.357
2022-05-06,98.3035,89.7988,94.2425,93.1228,95.2335,89.2646
2022-05-09,96.4638,87.9669,92.1824,91.3409,93.7463,87.2088
2022-05-10,96.5483,88.3726,92.6756,91.7552,93.9663,87.5134
2022-05-11,98.6479,90.5731,95.1642,93.7597,95.0836,89.0591
2022-05-12,97.8672,89.3163,94.1328,92.6318,94.509,88.2679
2022-05-13,99.5452,91.0832,96.1101,94.2124,96.0101,90.3407
2022-05-16,99.6451,91.2963,96.1737,94.182,96.0516,90.398
2022-05-17,100.2474,92.9874,97.2117,95.3193,96.9609,91.6535
2022-05-18,99.8067,92.6172,96.7199,94.8715,96.2784,90.5217
2022-05-19,98.6385,91.853,96.035,94.3275,95.7894,89.7123
2022-05-20,97.987,91.9729,95.5558,94.4504,95.958,89.9914
2022-05-23,98.117,93.0449,96.5426,95.5163,96.8459,91.2286
2022-05-24,97.4053,92.201,95.4537,94.6452,95.7975,89.7693
2022-05-25,97.5641,92.5891,95.6,95.0527,96.2427,90.6426
2022-05-26,98.833,93.3693,96.8264,95.8635,96.965,92.0602
2022-05-27,99.4129,93.7294,97.3941,96.2233,97.5671,93.2407
2022-05-30,99.5389,93.8832,97.5372,96.3885,97.8452,93.7873
2022-05-31,98.9419,92.9502,96.9746,95.4116,97.1612,92.4413
2022-06-01,99.1317,92.9956,97.1727,95.4562,96.9751,92.023
2022-06-02,99.5791,93.3055,97.614,95.7877,97.4869,93.1694
2022-06-03,99.7434,93.5163,97.7734,96.0139,97.3327,92.8232
2022-06-06,99.9846,93.8154,97.9921,96.3175,97.7136,93.6739
2022-06-07,99.9831,93.8594,98.0033,96.372,97.4343,93.156
2022-06-08,99.4602,93.4413,97.4781,95.9522,97.0171,92.3849
2022-06-09,99.0487,93.2832,97.0632,95.7876,96.5494,91.2826
2022-06-10,97.8699,92.3728,95.9268,94.8608,95.4651,88.7394
2022-06-13,97.9077,92.1841,96.0029,94.6643,94.519,86.5255
2022-06-14,97.5959,92.1802,95.7328,94.6429,94.0555,85.4542
2022-06-15,98.0312,92.6726,96.1353,95.1397,94.6384,86.7919
2022-06-16,97.5345,92.2412,95.6521,94.7069,93.6802,84.5896
2022-06-17,97.1721,92.0199,95.2826,94.481,93.7567,84.7639
2022-06-20,98.0643,92.5305,96.1765,94.9965,94.0823,85.5094
2022-06-21,97.6021,92.2769,95.7219,94.7312,94.2957,85.9967
2022-06-22,96.0021,91.4217,94.0922,93.8583,93.8829,85.047
2022-06-23,95.2127,90.8455,93.306,93.2747,93.4405,84.0214
2022-06-24,96.7382,91.7726,94.7924,94.229,94.3905,86.2288
2022-06-27,96.6146,91.5236,94.696,93.9737,94.3211,86.0676
2022-06-28,97.4608,92.021,95.5179,94.4837,94.5635,86.6325
2022-06-29,96.8837,91.6275,94.9591,94.0813,94.017,85.3645
2022-06-30,96.4749,91.2844,94.5753,93.7254,93.343,83.8045
2022-07-01,97.2546,91.6624,95.3403,94.1112,93.4491,84.0486
2022-07-04,97.2349,91.6867,95.3128,94.1442,93.433,84.0117
2022-07-05,94.5137,89.8135,92.647,92.2502,92.131,81.6195
2022-07-06,95.9799,90.615,94.0846,93.0664,92.9371,83.1107
2022-07-07,96.2552,90.9841,95.0035,93.7457,93.7459,84.6068
2022-07-08,97.2006,91.5892,95.9157,94.3587,94.1867,85.4232
2022-07-11,96.8355,91.3501,95.5808,94.102,93.6782,84.6443
2022-07-12,97.9143,91.9731,96.6388,94.7426,94.1621,85.3843
2022-07-13,96.8566,91.2988,95.595,94.0567,93.6813,84.6499
2022-07-14,95.464,90.3959,94.2229,93.1315,92.9168,83.4803
2022-07-15,96.8326,91.107,95.5484,93.8629,94.0587,85.2292
2022-07-18,97.1868,91.3512,95.9045,94.1117,94.6843,86.1902
2022-07-19,98.4271,92.0452,97.1092,94.8263,95.6765,87.7187
2022-07-20,97.5958,91.5711,96.2738,94.3531,95.5939,87.5912
2022-07-21,96.9608,91.3011,95.6371,94.072,95.7251,87.8387
2022-07-22,96.0833,90.8824,94.7569,93.6387,95.7179,87.8251
2022-07-25,96.3789,91.1219,95.0546,93.8869,95.8583,88.0924
2022-07-26,96.8845,91.3453,95.559,94.1057,95.632,87.662
2022-07-27,97.1391,91.638,95.8157,94.3957,95.9904,88.3402
2022-07-28,96.5837,91.4462,95.2552,94.1768,96.5094,89.3229
2022-07-29,95.848,91.3283,94.519,94.0522,97.2002,90.6415
2022-08-01,95.4369,91.0603,94.1043,93.7739,97.1716,90.5865
2022-08-02,96.5659,91.516,95.236,94.2449,97.107,90.4617
2022-08-03,96.1369,91.8902,94.7376,94.5606,97.489,91.1952
2022-08-04,95.6276,91.6267,94.2285,94.2926,97.7231,91.6448
2022-08-05,96.4919,92.0304,94.9888,94.6663,97.5452,91.2026
2022-08-08,96.683,92.1128,94.7808,94.5696,97.8377,91.9228
2022-08-09,97.3871,92.4217,95.0443,94.6914,97.6597,91.4817
2022-08-10,95.6148,91.5913,93.4066,93.9216,98.0314,92.3982
2022-08-11,96.0062,91.7537,93.1728,93.8102,98.1855,92.7857
2022-08-12,95.6085,91.5777,92.8044,93.6457,98.1366,92.6624
2022-08-15,95.354,91.4689,93.0753,93.7766,98.2406,92.9255
2022-08-16,96.8694,92.1587,94.2535,94.3268,98.3772,93.2713
2022-08-17,96.1983,91.8289,93.5656,93.9914,97.9558,92.2127
2022-08-18,96.6439,91.912,93.4708,93.9538,98.0077,92.3429
2022-08-19,96.7871,91.8106,93.2333,93.8247,97.6478,91.4388
2022-08-22,96.9997,91.6705,92.8084,93.6013,96.7349,89.6514
2022-08-23,97.0605,91.656,92.0778,93.2499,96.5983,89.3859
2022-08-24,96.4969,91.4479,91.6329,93.0412,96.7116,89.6066
2022-08-25,96.5919,91.3294,91.4046,92.9165,96.7076,89.5988
2022-08-26,96.3198,91.0438,90.7893,92.6116,95.9324,88.0809
2022-08-29,96.2285,91.02,90.7336,92.5998,95.6138,87.4604
2022-08-30,95.849,90.9756,90.6231,92.5488,95.6521,87.5347
2022-08-31,95.6062,90.6996,90.0316,92.2647,95.2424,86.7389
2022-09-01,94.9294,90.2599,89.09,91.819,94.5996,85.4919
2022-09-02,95.5346,90.7861,90.2158,92.3605,95.613,87.4536
2022-09-05,95.5699,90.3712,89.3924,91.9179,94.9476,86.1587
2022-09-06,95.6801,90.6104,89.8912,92.1709,95.1708,86.592
2022-09-07,94.9742,90.3823,89.3787,91.9351,95.2481,86.742
2022-09-08,94.5597,90.1383,88.8368,91.6884,95.4005,87.0387
2022-09-09,94.6835,90.5493,89.6621,92.1247,96.0243,88.2596
2022-09-12,95.9039,91.4348,91.5425,93.0401,96.944,90.0636
2022-09-13,95.8631,91.0034,90.6666,92.5914,96.3347,88.869
2022-09-14,95.1429,90.4477,89.4768,92.0191,96.0537,88.1759
2022-09-15,95.0706,90.4051,89.3705,91.9763,95.8038,87.5563
2022-09-16,94.6833,89.8586,88.2153,91.407,95.2629,86.2199
2022-09-19,94.5206,89.6657,87.8265,91.2073,95.2221,86.1188
2022-09-20,93.6961,89.0773,86.5611,90.5934,94.6623,84.7303
2022-09-21,94.2222,89.3642,87.2061,90.8799,94.951,85.4475
2022-09-22,94.0695,88.8819,86.2059,90.3837,94.3422,83.9351
2022-09-23,92.7636,88.1556,84.6049,89.6422,93.4817,81.8013
2022-09-26,93.0616,88.2895,84.5295,89.5905,93.3641,81.5102
2022-09-27,93.2422,88.3588,84.3006,89.4954,93.2977,81.3461
2022-09-28,94.036,88.7106,84.8895,89.7984,93.2593,81.2733
2022-09-29,92.1193,87.2997,82.4597,88.5167,92.323,79.5073
2022-09-30,92.4411,87.677,83.2308,88.9219,93.0325,80.8524
2022-10-03,94.0234,88.4665,84.4304,89.5104,93.3659,81.4868
2022-10-04,95.415,89.605,86.365,90.502,94.9987,84.5826
2022-10-05,94.6255,89.0432,85.373,89.9942,94.4904,83.6119
2022-10-06,93.5904,88.5264,84.6999,89.682,94.139,82.9406
2022-10-07,94.8315,88.8359,85.2312,89.9689,93.669,82.043
2022-10-10,95.3176,89.0874,86.1052,90.4059,93.6642,82.0341
2022-10-11,94.7729,88.872,85.948,90.3156,93.5357,81.7924
2022-10-12,94.0128,88.5789,85.3851,90.0532,93.2778,81.3074
2022-10-13,95.0217,89.7443,86.5615,90.6305,93.8819,82.4433
2022-10-14,95.086,89.7575,86.2086,90.4723,94.159,82.9646
2022-10-17,97.1514,91.1868,88.1419,91.4285,95.0647,84.6769
2022-10-18,97.3559,91.7233,88.9801,91.8552,95.3924,85.2956
2022-10-19,97.7197,91.9182,89.3948,92.0506,95.2857,85.0944
2022-10-20,98.4405,92.5241,90.2706,92.4851,95.6522,85.7832
2022-10-21,98.5093,92.27,90.1357,92.1992,95.3674,85.2485
2022-10-24,99.0601,92.9262,90.1134,92.3325,96.2284,86.5922
2022-10-25,99.7839,93.6822,90.2083,92.5126,96.9925,87.9906
2022-10-26,100.5082,94.3882,91.8742,93.2602,97.2434,88.4525
2022-10-27,100.6252,94.193,91.7981,93.1011,97.0117,88.0284
2022-10-28,100.5861,94.0747,91.6996,92.9983,97.1278,88.3781
2022-10-31,100.4318,94.0166,91.6619,93.0846,97.1402,88.4157
2022-11-01,100.9817,94.3619,92.1315,93.3149,97.286,89.0497
2022-11-02,100.6954,93.832,91.8871,92.9182,97.1717,88.5545
2022-11-03,99.7989,93.1621,91.1215,92.3202,97.0223,87.8998
2022-11-04,99.9383,94.1327,91.2405,92.9554,97.4445,89.7861
2022-11-07,100.8047,94.4883,91.9803,93.3953,97.5096,90.0744
2022-11-08,100.0174,94.2643,91.308,93.1664,97.6286,90.5929
2022-11-09,99.102,93.8514,90.5264,92.7592,97.572,90.3429
2022-11-10,100.4054,95.0191,91.6394,93.6467,97.8839,91.7414
2022-11-11,101.4564,95.9137,92.5368,94.3506,97.9712,92.1238
2022-11-14,101.6297,95.962,92.6848,94.42,98.0567,92.4894
2022-11-15,102.0139,96.0337,93.0129,94.4875,98.1849,93.0377
2022-11-16,101.0872,95.6854,92.2216,94.1496,98.0198,92.33
2022-11-17,101.6447,95.9703,92.6977,94.4282,97.8829,91.739
2022-11-18,101.8444,96.1058,92.8682,94.5614,98.0943,92.6374
2022-11-21,102.1043,96.2297,93.0901,94.6825,98.1207,92.7497
2022-11-22,102.0855,96.1228,93.074,94.5758,98.1898,93.0432
2022-11-23,101.9687,96.1869,92.9743,94.6411,98.2574,93.3322
2022-11-24,102.756,96.6155,93.6466,95.0609,98.3929,93.911
2022-11-25,102.3906,96.4178,93.3346,94.8673,98.4069,93.9703
2022-11-28,102.1043,96.3546,93.0901,94.8073,98.245,93.2807
2022-11-29,102.3981,96.5361,93.341,94.9855,98.2092,93.1284
2022-11-30,103.1741,96.8936,94.0037,95.3343,98.2703,93.6096
2022-12-01,103.3097,96.956,94.1195,95.3952,98.3517,94.2373
2022-12-02,103.0159,96.8207,93.8686,95.2631,98.3464,94.1964
2022-12-05,103.3549,96.9768,94.1581,95.4155,98.2614,93.5338
2022-12-06,103.1026,96.8606,93.9426,95.3021,98.2436,93.3976
2022-12-07,102.9406,96.786,93.8042,95.2293,98.1613,92.7635
2022-12-08,102.6769,96.6645,93.5791,95.1108,98.1231,92.4696
2022-12-09,102.869,96.753,93.7431,95.1971,98.1903,92.9904
2022-12-12,102.5902,96.6246,93.5051,95.0718,98.1361,92.5708
2022-12-13,102.3077,96.4944,93.2638,94.9449,98.2645,93.5697
2022-12-14,102.4094,96.5413,93.3507,94.9906,98.2213,93.2271
2022-12-15,101.98,96.3434,92.984,94.7976,97.8917,90.6306
2022-12-16,101.5807,96.1595,92.643,94.6181,97.7648,89.6402
2022-12-19,101.7502,96.2376,92.7877,94.6943,97.8013,89.9263
2022-12-20,100.9441,95.8662,92.0994,94.332,97.7433,89.4732
2022-12-21,101.3697,96.0623,92.4629,94.5233,97.9589,91.1992
2022-12-22,100.4619,95.6441,91.6876,94.1153,97.8494,90.3214
2022-12-23,100.6013,95.7083,91.8066,94.1779,97.855,90.3674
2022-12-27,100.5824,95.6996,91.7906,94.1694,97.8995,90.7314
2022-12-28,100.4845,95.6545,91.7069,94.1254,97.8244,90.1144
2022-12-29,100.718,95.7621,91.9064,94.2304,97.9357,91.0273
2022-12-30,100.5109,95.6667,91.7294,94.1373,97.7887,89.8219
