TIRAGE,UNIVERS,TOP10
1,98.07,88.9988
2,95.4142,98.3705
3,87.762,88.8372
4,100.1489,93.3451
5,98.5473,97.7783
6,91.0467,92.6465
7,92.4667,94.3545
8,98.5761,93.556
9,98.8874,90.591
10,93.9642,92.1638
11,95.7849,95.2423
12,94.2083,96.2481
13,97.7494,95.0546
14,101.5503,98.5917
15,102.1636,95.0544
16,98.7248,91.2162
17,98.3287,92.7716
18,95.9936,93.8804
19,97.5255,90.8209
20,98.289,96.3022
21,101.021,89.2756
22,99.8827,92.2778
23,89.8067,89.8216
24,99.984,97.4927
25,98.604,88.8354
26,97.1145,92.9165
27,94.1141,97.2399
28,94.8494,91.5914
29,103.8167,92.9967
30,95.2955,101.2829
31,92.9593,94.5693
32,95.4728,92.5811
33,100.6269,87.2411
34,100.0305,93.04
35,98.9255,97.5541
36,95.924,94.1249
37,95.5817,91.2659
38,90.1366,98.1887
39,95.6841,92.1201
40,93.8897,94.6935
41,98.2426,90.7181
42,95.5473,94.5417
43,105.9714,93.3741
44,91.1756,94.4901
45,94.8275,93.559
46,93.74,92.4048
47,89.6878,93.0186
48,102.2253,89.4138
49,94.2786,95.1357
50,89.662,92.2988
51,95.452,97.2151
52,96.7609,92.7006
53,100.8991,91.452
54,100.3067,94.3542
55,99.2019,93.0002
56,98.9601,92.5803
57,104.5048,90.6132
58,94.6379,94.6751
59,100.3437,91.8381
60,92.7721,90.3043
61,92.1558,96.8178
62,100.5178,94.8888
63,97.1296,93.9004
64,94.7185,90.4645
65,97.2968,93.7506
66,98.1101,93.56
67,101.624,95.1713
68,100.6832,92.9746
69,102.4188,95.9548
70,103.9203,96.8722
71,93.7106,95.7363
72,90.8237,92.6422
73,100.1632,96.7409
74,91.5492,89.6219
75,91.1037,93.6766
76,94.9097,93.1852
77,100.7803,89.6867
78,95.7625,87.6076
79,100.1967,87.0266
80,97.8386,94.1202
81,99.2667,93.7533
82,99.1668,91.5608
83,91.9279,90.3176
84,99.9638,96.6498
85,91.9997,95.1431
86,102.7099,89.971
87,100.6103,93.5827
88,96.5079,94.77
89,103.5774,92.5315
90,88.5709,94.7617
91,98.874,91.9096
92,92.6596,93.8028
93,102.1436,93.6978
94,93.7177,93.5988
95,94.2087,94.5957
96,96.265,91.4476
97,87.9133,91.9314
98,93.0435,90.4785
99,92.0714,95.1782
100,98.3071,89.6956
101,104.5193,90.6435
102,90.0795,90.4857
103,96.8637,97.0884
104,95.3574,87.3388
105,97.3349,93.347
106,104.3262,97.6752
107,98.1001,96.9643
108,97.1693,93.2962
109,98.9189,94.5802
110,102.1915,88.1046
111,96.3304,94.1501
112,104.8343,96.8112
113,107.0841,88.633
114,102.0093,97.8941
115,98.1696,94.4117
116,96.7329,90.0831
117,95.4037,95.5992
118,99.0205,94.0198
119,99.3505,91.8336
120,100.0592,94.7581
121,101.4064,95.6838
122,100.9925,98.7959
123,109.4295,91.5917
124,97.563,87.0319
125,94.2995,95.2886
126,93.7647,92.6239
127,94.2713,90.003
128,102.2576,93.1263
129,95.1723,95.0956
130,98.0906,93.9299
131,96.2529,98.1546
132,88.6748,97.2795
133,93.1451,95.7473
134,86.3609,93.5267
135,93.5316,93.1198
136,98.1062,99.2902
137,95.6064,89.8343
138,99.1205,90.1452
139,91.8278,94.634
140,102.01,95.9553
141,88.5766,94.2975
142,95.9938,91.6607
143,99.7124,95.3185
144,86.6976,93.852
145,100.4919,93.0077
146,105.0598,92.3672
147,94.2633,96.4642
148,103.0987,91.1348
149,96.9414,93.6791
150,94.9873,94.1828
151,102.4057,89.8876
152,98.3842,93.902
153,99.7655,96.3224
154,95.6257,97.1637
155,93.1731,93.3751
156,99.0971,92.3398
157,99.3342,95.9957
158,99.834,95.5391
159,96.2845,94.986
160,97.3297,98.8474
161,90.4385,89.5955
162,101.5635,92.5962
163,103.7297,89.7239
164,105.3559,93.7614
165,104.4457,97.358
166,98.5503,93.7966
167,100.3573,96.1761
168,104.7535,94.0095
169,98.2041,92.6752
170,101.4282,93.3598
171,92.4038,90.9095
172,99.6129,95.3194
173,95.7671,94.4676
174,95.3151,93.3106
175,96.1817,97.3041
176,103.9029,90.2115
177,94.9764,99.2306
178,95.1356,92.0359
179,100.812,91.9824
180,98.3104,88.019
181,86.6084,88.1202
182,97.4035,87.0559
183,98.1801,94.0073
184,97.4574,96.5313
185,108.0578,93.5988
186,91.4904,91.2387
187,96.5563,89.6602
188,95.1393,89.5692
189,97.8376,95.9776
190,92.6145,91.4406
191,96.4444,91.5149
192,91.6365,96.2391
193,99.8882,89.7378
194,100.5087,92.3677
195,89.9736,98.378
196,98.2114,97.6391
197,99.1659,94.9622
198,100.5139,96.1336
199,105.55,95.0796
200,95.1263,95.9135
201,101.8563,91.6024
202,99.7214,94.5059
203,95.4867,96.6756
204,94.4945,96.3113
205,92.7132,103.5829
206,101.7702,95.337
207,94.3466,90.578
208,90.8343,94.6175
209,99.6864,91.939
210,94.7326,95.2346
211,97.6535,94.0282
212,96.5322,91.33
213,94.8813,93.1723
214,97.8962,98.0091
215,93.2924,90.5468
216,99.9996,88.6721
217,97.626,93.2649
218,96.836,98.2344
219,92.2077,92.2516
220,97.6835,94.4954
221,92.281,90.017
222,100.7439,93.86
223,91.517,95.6043
224,97.4937,90.1442
225,102.0855,95.4642
226,91.3016,90.2584
227,103.204,94.8985
228,100.7452,101.9929
229,95.9956,93.1074
230,99.3053,97.9385
231,94.1416,91.1631
232,91.2864,98.0823
233,89.745,91.1625
234,97.936,92.7761
235,91.4992,92.96
236,101.0318,92.3636
237,99.1328,92.1068
238,97.0767,97.8191
239,92.3871,93.3844
240,111.1757,92.9204
241,93.6916,90.309
242,105.351,97.8891
243,91.5899,91.8795
244,97.5019,95.7809
245,95.4236,97.7377
246,110.0244,95.7836
247,100.8668,95.4097
248,98.3737,92.9737
249,97.3854,94.0579
250,105.4628,95.5424
251,89.2044,91.7473
252,102.105,94.5737
253,93.5527,89.606
254,96.7319,94.0113
255,100.1581,91.7706
256,93.0079,93.1812
257,95.4729,88.1337
258,103.0124,92.9798
259,92.6965,89.6453
260,96.4964,98.5753
261,100.1075,95.1753
262,102.3997,92.5344
263,99.5542,97.4222
264,97.8204,92.3506
265,94.2302,95.7866
266,101.4263,95.1058
267,98.9208,90.9291
268,94.3334,92.2132
269,98.045,97.7133
270,94.5954,92.8266
271,91.6323,93.1854
272,96.025,90.1394
273,99.6926,90.8584
274,97.3241,91.9645
275,101.9252,88.6211
276,98.6762,93.4446
277,99.6041,94.6255
278,99.4334,94.5567
279,102.9465,96.1117
280,88.4772,92.2044
281,97.2391,93.2595
282,92.065,92.8078
283,97.6314,93.8238
284,102.9415,94.1569
285,111.9663,90.6529
286,91.5676,95.0836
287,92.8125,91.065
288,95.8848,94.9028
289,94.7186,89.8984
290,100.2254,94.3886
291,99.6098,95.8685
292,91.0575,92.3021
293,104.2163,95.2428
294,95.067,88.8926
295,96.9532,89.4725
296,98.5828,95.2688
297,105.1366,91.529
298,100.1492,93.4556
299,96.3723,96.0819
300,95.6057,93.8966
301,91.7093,97.6437
302,101.622,95.3806
303,94.831,95.7083
304,101.1058,92.0862
305,97.3006,97.4372
306,90.4575,90.072
307,99.0375,93.3722
308,95.1694,87.9822
309,94.4061,93.3391
310,93.8887,89.3137
311,96.2833,93.8925
312,98.9625,94.1439
313,100.7027,88.2523
314,92.326,92.4845
315,93.0491,92.971
316,92.9635,95.4559
317,89.1941,90.193
318,100.3235,90.3253
319,99.5061,99.2081
320,97.8956,90.9649
321,89.5984,92.5035
322,90.1042,86.8302
323,98.2805,89.8972
324,98.089,94.0057
325,96.7378,93.332
326,102.5385,90.7429
327,99.6891,89.919
328,91.02,94.4636
329,94.3047,89.6088
330,94.7317,96.5159
331,102.4234,88.4671
332,95.4545,94.0298
333,92.108,93.8444
334,86.8304,92.1148
335,86.5009,85.3509
336,97.4775,94.2627
337,100.6172,93.0833
338,101.9606,95.709
339,97.5558,97.2527
340,106.2616,91.8421
341,95.0814,91.4421
342,99.4059,92.9127
343,94.6752,95.7136
344,92.3373,91.1717
345,90.8946,91.9402
346,97.6462,90.889
347,105.1332,96.2899
348,102.1133,96.3892
349,101.1159,94.4544
350,101.7959,94.467
351,97.5942,93.1726
352,96.213,86.1491
353,100.401,93.4025
354,102.6316,92.0466
355,92.3427,92.4191
356,101.2956,96.4762
357,97.694,92.0639
358,103.3503,92.7633
359,97.9388,90.3151
360,104.8326,95.4029
361,103.421,92.2205
362,92.8864,94.3674
363,90.2871,91.863
364,92.7431,94.5089
365,91.3443,92.8682
366,95.9213,92.3932
367,100.499,95.4496
368,96.3397,96.8861
369,92.9203,90.9774
370,96.091,96.5241
371,100.3132,95.0444
372,96.7302,85.6717
373,102.2089,93.6685
374,96.3347,94.4134
375,99.9485,87.4466
376,94.9801,94.131
377,87.9185,90.2821
378,96.1563,92.756
379,99.68,93.274
380,95.0247,95.0071
381,95.522,92.7987
382,97.8555,93.922
383,96.1638,95.4725
384,94.1273,92.7845
385,95.6451,94.8856
386,93.894,92.1543
387,98.879,94.1418
388,95.8419,89.3791
389,90.9762,92.1309
390,98.336,93.9107
391,95.3163,92.2443
392,90.1828,92.2644
393,96.7359,98.3868
394,98.8935,90.0352
395,99.3851,96.3307
396,102.2881,94.4535
397,97.9479,95.3858
398,100.1043,95.3916
399,91.9115,92.0185
400,98.0675,93.0136
401,96.6911,96.5677
402,92.7299,91.8953
403,92.0441,91.7953
404,99.3274,93.1317
405,96.4844,93.4076
406,96.9274,96.369
407,96.9176,90.4458
408,96.7301,88.4816
409,93.8554,90.6118
410,98.9349,95.3231
411,92.6396,90.4227
412,98.1493,97.3203
413,99.2256,94.8163
414,98.6077,94.1969
415,101.1853,90.9626
416,90.0427,93.1211
417,101.5768,89.4801
418,91.0111,90.182
419,102.4303,91.471
420,101.0327,93.2853
421,94.8494,92.6511
422,92.8609,91.9232
423,94.1986,94.5712
424,98.1413,96.9836
425,106.3285,89.3156
426,99.8666,98.3019
427,96.27,93.298
428,96.8874,98.7556
429,94.5995,92.3119
430,91.4078,91.1902
431,102.2077,94.6169
432,101.3156,94.8457
433,93.4223,88.8507
434,94.7546,88.5097
435,95.936,97.6164
436,97.8888,92.341
437,99.1174,91.639
438,89.1891,93.0975
439,97.9011,93.1992
440,91.4373,91.3542
441,102.1794,97.4641
442,91.9294,91.8618
443,94.1414,94.3991
444,96.9585,93.5627
445,99.9881,94.3306
446,99.2175,96.9859
447,97.2853,85.5058
448,104.4094,94.1829
449,89.861,95.8716
450,97.9757,89.8342
451,99.5045,90.5559
452,102.6022,95.3436
453,98.8491,93.606
454,103.1145,97.3089
455,100.6107,92.6374
456,97.3661,93.3411
457,100.9178,95.689
458,95.7535,99.1051
459,93.9952,93.2319
460,98.3018,94.9444
461,97.4681,93.6086
462,95.5308,97.9092
463,88.3702,97.86
464,100.8833,95.6137
465,104.2508,93.8862
466,94.07,95.8429
467,99.5228,97.4905
468,96.525,90.8187
469,97.8411,92.3716
470,92.5294,94.0316
471,96.3256,88.3841
472,100.6479,95.5433
473,98.0354,90.549
474,103.5452,98.2239
475,99.1348,96.5435
476,94.5992,88.0466
477,96.7433,92.7182
478,90.6325,92.2704
479,93.3352,93.1389
480,94.7007,95.2166
481,93.4582,93.2643
482,96.3906,87.2762
483,102.2407,97.3194
484,104.9242,95.7372
485,104.192,93.0696
486,98.1028,95.403
487,102.9077,97.5556
488,93.5761,90.0931
489,99.7855,92.381
490,95.0038,94.692
491,93.4588,88.3357
492,98.2569,93.7507
493,94.8415,89.4846
494,97.5027,92.0638
495,97.2324,95.2319
496,92.4212,92.388
497,98.0268,90.6938
498,96.7244,91.7444
499,97.3476,91.3248
500,98.422,95.3174
501,96.4554,91.6705
502,98.0424,89.8222
503,98.097,88.7817
504,87.0766,91.1763
505,101.0706,92.397
506,97.6936,93.9454
507,99.7823,93.2756
508,95.9768,92.3007
509,99.4526,95.8046
510,97.3045,94.9429
511,100.2935,91.1138
512,97.1724,89.9117
513,94.5404,92.0707
514,94.4551,96.0574
515,96.0564,92.2717
516,93.9586,92.1159
517,97.6918,91.8049
518,92.1342,90.781
519,100.2764,90.3036
520,94.6367,93.6771
521,103.4288,94.3876
522,95.8596,90.5458
523,88.2441,90.7855
524,102.493,91.4634
525,101.3369,98.2946
526,98.5665,86.8468
527,83.3504,91.5239
528,100.6003,93.2016
529,100.306,92.8065
530,95.789,92.3937
531,110.7817,87.2849
532,92.4132,96.7514
533,96.0725,94.8498
534,94.1185,89.2078
535,94.03,90.3547
536,100.3143,87.9379
537,102.1311,89.8074
538,98.6314,96.638
539,95.6304,96.0316
540,95.9986,93.4915
541,100.095,92.4962
542,98.1253,93.1235
543,98.7313,90.3846
544,96.1798,90.6897
545,90.2348,89.478
546,92.7699,96.0267
547,102.2004,91.526
548,105.6615,89.9654
549,100.8953,96.641
550,96.2823,92.3733
551,99.2008,90.1439
552,94.8089,92.9306
553,95.8106,91.8982
554,94.108,91.9926
555,98.776,91.1897
556,99.7701,94.6627
557,93.2291,97.8115
558,90.712,92.8787
559,103.2393,92.1
560,101.3276,92.1527
561,98.6041,95.548
562,95.515,89.3585
563,97.9612,95.8835
564,97.1323,95.2652
565,93.3282,94.1059
566,92.2761,95.5191
567,95.8595,95.4714
568,98.4836,94.3149
569,106.8515,93.8652
570,98.3277,93.2705
571,93.5968,94.3807
572,87.0563,92.0757
573,101.1198,89.9884
574,94.7844,93.601
575,100.1709,95.2008
576,98.2885,94.8051
577,93.4197,88.4997
578,92.3392,90.7074
579,88.909,97.4204
580,103.5205,95.0322
581,95.673,93.1548
582,100.8299,96.8141
583,103.9994,96.6399
584,96.4614,93.9134
585,102.3418,93.4679
586,93.0564,91.4495
587,95.8554,92.1748
588,99.2729,91.6635
589,94.2296,93.9373
590,96.9533,88.9009
591,95.824,97.2936
592,91.8795,93.0273
593,98.5917,90.5939
594,91.9756,90.193
595,101.6091,96.0853
596,99.4001,96.6991
597,97.3732,93.7282
598,96.8641,92.1461
599,102.06,95.4041
600,96.3024,90.5146
601,96.4989,93.624
602,91.7602,96.0573
603,102.927,97.8601
604,99.1444,93.4411
605,95.2049,90.6852
606,94.7856,92.6639
607,91.3183,98.1523
608,88.0838,92.3052
609,96.2313,97.9947
610,102.3485,93.7553
611,92.3358,87.347
612,94.6356,88.5861
613,103.5702,96.5995
614,102.8174,92.1025
615,91.7379,87.3782
616,97.587,94.3348
617,97.5975,89.3868
618,98.7549,91.6436
619,103.4457,92.6541
620,96.1533,96.3271
621,94.972,89.8743
622,105.7819,95.6082
623,90.59,92.6671
624,100.909,90.6423
625,98.6524,97.4643
626,95.9712,97.6594
627,91.7275,88.836
628,96.4947,90.6321
629,95.0599,94.0201
630,95.3005,93.7733
631,99.3764,91.7208
632,101.9967,91.9376
633,92.6233,91.2853
634,99.913,100.4492
635,97.399,92.4523
636,100.4127,93.4136
637,97.8813,90.0298
638,103.8271,93.2728
639,89.9194,89.2101
640,94.0812,98.2138
641,103.2597,89.7229
642,94.6544,92.5401
643,96.9878,94.0824
644,99.3646,99.4294
645,93.8385,90.7363
646,98.5324,90.1502
647,101.9033,90.7532
648,98.0902,96.5425
649,100.5209,90.1528
650,93.1974,89.4177
651,97.8655,99.5241
652,89.8387,95.1539
653,98.6243,96.1477
654,94.6279,93.1851
655,100.2544,92.8223
656,99.0367,92.6095
657,99.1315,94.2981
658,89.7338,96.0062
659,93.6799,97.8993
660,90.9382,88.653
661,101.0685,95.6774
662,98.4083,93.7101
663,101.2028,93.4481
664,87.7088,92.2343
665,93.9105,91.9171
666,102.1803,95.9069
667,100.1929,91.8404
668,96.0608,90.0721
669,93.8062,95.3791
670,87.2159,89.0245
671,94.4154,88.8177
672,101.5252,94.7768
673,93.5215,93.8439
674,94.7957,91.9153
675,99.5793,94.3472
676,96.158,88.6161
677,99.5194,93.1985
678,90.2006,92.3508
679,90.8884,91.2606
680,100.2513,92.6135
681,98.0395,91.5855
682,104.312,90.0114
683,91.7346,93.4413
684,94.7472,91.4637
685,99.7571,94.895
686,107.1481,91.6969
687,93.5229,92.2246
688,89.9384,91.9944
689,94.1272,91.3554
690,102.0322,94.3065
691,94.2427,92.7901
692,97.6486,91.3592
693,97.1761,91.0559
694,100.0602,91.463
695,98.6018,94.0202
696,99.9608,88.2954
697,100.3816,96.1703
698,93.3632,96.319
699,97.3552,97.5098
700,104.6884,90.7061
701,99.3327,88.6524
702,96.5637,95.3827
703,91.963,87.2062
704,106.443,89.2895
705,92.2145,93.1001
706,95.3476,94.6815
707,91.7093,93.4596
708,98.387,91.8886
709,95.6839,98.9713
710,107.3869,94.9533
711,93.6739,92.318
712,99.079,89.028
713,96.1569,98.5212
714,92.4018,90.0124
715,100.1873,96.1791
716,107.4433,96.1012
717,99.3085,91.6532
718,97.5364,91.4298
719,97.2956,94.48
720,104.2419,93.6443
721,95.3898,91.0286
722,91.2035,91.3947
723,92.8892,87.4492
724,101.3704,91.0683
725,93.6969,97.9379
726,99.6139,89.8305
727,100.2438,91.2045
728,97.1511,91.8603
729,93.9034,90.3474
730,97.4348,90.2616
731,97.3401,93.7116
732,89.5163,92.6065
733,100.6469,88.934
734,97.1937,93.0696
735,102.1454,86.2418
736,103.5478,93.4645
737,89.3454,94.7684
738,93.0961,85.8224
739,95.2591,90.3488
740,95.547,90.5355
741,98.383,96.9427
742,92.2867,96.1714
743,99.3813,94.8365
744,94.0631,89.7142
745,97.6257,90.3416
746,89.739,94.0592
747,96.1911,96.3777
748,97.3737,87.6493
749,102.8767,91.6288
750,99.3808,92.4092
751,97.1613,90.7086
752,92.3582,87.8286
753,99.0672,89.2985
754,93.5659,87.4161
755,104.4636,96.4318
756,90.6527,88.4812
757,95.7419,92.9138
758,95.9857,92.2573
759,112.2871,90.7133
760,96.8691,91.2412
761,93.3779,95.99
762,100.3641,95.0558
763,97.1647,91.9494
764,102.7169,93.7482
765,104.7647,94.4181
766,95.2235,96.4306
767,92.0299,92.4303
768,110.0089,97.265
769,97.0204,92.9783
770,100.4632,92.0316
771,97.7266,94.1601
772,96.5628,95.9618
773,101.9632,94.9755
774,103.8266,92.2359
775,97.8775,96.5599
776,96.2074,89.8252
777,98.0203,96.7505
778,96.6783,92.1449
779,99.7485,95.1598
780,101.8526,93.6741
781,95.5199,90.174
782,98.0601,94.0751
783,94.7956,87.4237
784,93.0407,94.2613
785,102.5614,97.7978
786,101.7334,94.9245
787,100.0327,91.6015
788,89.4806,93.2141
789,101.2878,94.5508
790,98.1607,95.0592
791,95.9603,90.5521
792,98.1621,94.0389
793,90.8214,91.5707
794,101.7111,89.8369
795,96.833,91.2724
796,93.0012,94.1665
797,96.6895,96.8523
798,103.0147,89.98
799,91.9491,93.4435
800,92.6686,91.6788
801,92.9941,96.7342
802,96.139,97.3871
803,95.2772,93.2277
804,104.6217,96.3514
805,97.3215,98.767
806,98.0074,95.5717
807,97.8799,90.1809
808,95.6299,99.3282
809,94.7577,97.8942
810,100.7477,97.3998
811,104.0441,95.2558
812,103.6745,95.6327
813,101.4543,91.8332
814,96.6084,92.2014
815,102.0348,93.819
816,102.1211,90.5712
817,102.4025,90.0898
818,95.1417,88.5099
819,88.182,93.7373
820,96.8643,93.3884
821,95.1991,93.4491
822,100.6446,92.5042
823,94.6214,94.2341
824,91.302,87.5307
825,90.3267,92.9517
826,109.1947,94.1569
827,96.9199,91.2068
828,99.385,96.2842
829,92.1501,96.5898
830,93.1533,90.7308
831,104.018,93.9907
832,101.7042,92.6647
833,97.8322,92.9001
834,98.9386,91.2249
835,97.1767,89.0619
836,97.3482,90.3715
837,92.9283,95.494
838,100.4495,92.2594
839,91.9658,95.794
840,89.2613,89.6542
841,98.7226,92.2173
842,89.9032,91.2208
843,97.2083,90.9609
844,98.5796,94.1247
845,100.1185,87.6232
846,97.3142,93.6084
847,94.6928,87.4852
848,97.6276,95.4074
849,99.8837,95.8341
850,99.547,91.2079
851,95.2128,96.1067
852,87.3273,89.7611
853,92.6305,94.9292
854,99.1082,91.1123
855,94.86,88.6743
856,95.2757,91.4588
857,94.8099,91.2503
858,103.0986,89.3499
859,97.6301,93.9239
860,107.7159,94.9265
861,102.7929,93.8371
862,94.9842,99.5221
863,103.1584,86.2958
864,104.02,90.9244
865,98.8868,96.5041
866,94.2991,93.4867
867,99.631,98.5981
868,92.9284,97.6098
869,92.5895,92.3314
870,94.4473,94.5747
871,100.4379,88.8585
872,103.0016,90.9753
873,96.8888,94.4113
874,97.2835,94.384
875,93.4422,88.6217
876,100.4903,94.0466
877,100.6977,95.0219
878,98.5067,89.4172
879,96.6893,91.317
880,102.0748,92.8283
881,96.4691,97.3193
882,95.9253,92.8908
883,94.5541,94.1303
884,99.7043,96.7424
885,100.8221,94.8222
886,97.6518,96.7635
887,97.9959,92.4392
888,96.2066,93.3066
889,106.2512,94.792
890,93.8567,89.6172
891,94.2641,98.006
892,99.9558,87.7445
893,101.4782,93.1288
894,87.5544,94.4697
895,101.4994,93.2533
896,101.8828,87.1291
897,93.6117,96.4406
898,103.1723,91.4314
899,104.6783,92.7617
900,94.7789,92.2099
901,99.107,96.1394
902,94.2874,95.0828
903,104.6879,94.9123
904,99.665,90.2322
905,94.5804,90.1002
906,92.522,91.7622
907,92.9818,92.437
908,95.6953,95.0942
909,92.7255,97.1838
910,99.4933,89.0722
911,96.9996,94.0589
912,98.2763,96.8193
913,94.472,92.4818
914,99.4875,93.3963
915,93.9578,89.5989
916,93.6136,87.6777
917,107.0084,96.9389
918,92.8915,90.7267
919,98.4104,95.1583
920,107.0362,91.8435
921,96.7188,97.637
922,98.3382,92.2973
923,99.1516,95.8678
924,94.0551,90.0571
925,94.8815,81.5779
926,90.4087,94.5757
927,88.5859,98.4531
928,96.4166,90.9012
929,90.8063,95.5809
930,96.4103,91.7743
931,98.3829,89.9778
932,96.0531,90.7236
933,101.1161,89.8107
934,94.0235,96.9436
935,99.0438,96.5437
936,93.153,94.6328
937,94.1743,90.0169
938,89.7571,95.4408
939,92.7582,93.1451
940,93.0382,94.0497
941,98.4862,96.516
942,103.296,96.8766
943,97.0796,96.8404
944,98.2239,91.1296
945,96.1044,86.3525
946,95.6814,92.3879
947,99.4318,85.8026
948,95.0785,92.3568
949,93.9965,95.1393
950,100.4229,96.6952
951,93.0236,93.0798
952,93.9344,93.1747
953,89.0642,91.0942
954,97.1012,92.2377
955,102.7514,97.1223
956,94.2508,92.1453
957,96.7289,90.1027
958,100.8803,91.167
959,94.062,91.8058
960,101.6343,95.124
961,92.6027,88.6101
962,96.7032,93.9046
963,98.1906,89.285
964,100.0238,92.4626
965,100.6337,94.1261
966,101.8457,92.1546
967,97.3493,92.4632
968,99.3885,96.1177
969,94.7948,91.1043
970,94.1171,88.9867
971,105.1448,93.017
972,99.8841,94.3688
973,102.1175,93.8706
974,96.132,96.4359
975,110.7536,89.3815
976,99.4431,93.885
977,87.841,93.8773
978,92.8755,96.8652
979,100.1167,92.9034
980,95.4136,90.1256
981,97.1307,90.6435
982,93.2568,96.9076
983,97.4871,95.4945
984,96.6281,94.2632
985,92.0617,92.2616
986,102.3502,95.1772
987,105.1532,94.5317
988,96.7537,91.6414
989,94.0859,89.4249
990,105.2521,88.2499
991,94.8082,93.7935
992,99.2344,100.1873
993,101.1964,94.589
994,103.1579,87.5667
995,96.5905,92.6386
996,95.1519,91.5026
997,103.8663,95.3603
998,90.6698,91.0829
999,92.7962,93.5272
1000,100.4918,97.3067
1001,97.844,91.8863
1002,102.0115,96.4746
1003,97.8985,95.6973
1004,97.816,90.503
1005,91.4719,94.6375
1006,95.066,91.9543
1007,100.9739,97.3754
1008,102.3003,98.1542
1009,95.5925,94.0725
1010,105.5426,92.5803
1011,97.2058,96.8163
1012,95.1072,93.029
1013,96.7131,93.7181
1014,99.0996,93.2331
1015,97.9465,91.9471
1016,99.0554,90.0627
1017,97.404,92.3054
1018,96.5566,91.6647
1019,95.564,91.5872
1020,105.1274,91.3782
1021,95.7953,89.7065
1022,93.0979,89.1876
1023,96.9845,95.3745
1024,95.4621,88.0684
1025,100.0092,89.8218
1026,93.213,92.0824
1027,97.9146,90.6297
1028,89.3702,88.2365
1029,94.909,91.1266
1030,90.0981,97.8277
1031,93.0804,90.0883
1032,96.9565,92.1804
1033,95.0914,93.2681
1034,100.098,90.7426
1035,100.4629,89.1321
1036,96.9509,90.6898
1037,92.2631,94.7237
1038,102.7936,95.1806
1039,96.5244,89.6806
1040,90.0789,90.4096
1041,91.3598,91.4488
1042,102.0721,94.2603
1043,103.3253,92.6501
1044,96.7886,91.0758
1045,100.5875,89.4152
1046,100.0784,91.428
1047,101.6904,94.0659
1048,98.3835,98.1511
1049,97.636,91.2397
1050,98.1528,94.4907
1051,87.8693,95.2098
1052,91.7968,94.1034
1053,100.7945,92.5933
1054,98.9639,97.1027
1055,95.2547,92.4138
1056,97.657,96.9481
1057,101.2505,89.1312
1058,99.7412,96.2175
1059,96.0867,90.1727
1060,94.8562,93.6441
1061,96.1773,92.8227
1062,98.8144,90.3495
1063,100.3324,97.3641
1064,91.2703,92.0251
1065,94.5014,91.303
1066,97.8232,89.7255
1067,99.3802,95.6475
1068,99.2959,95.5055
1069,92.9166,95.7406
1070,93.5003,89.503
1071,96.8367,90.131
1072,97.6229,95.5361
1073,102.7542,94.9614
1074,97.3265,95.4329
1075,102.2892,91.5756
1076,93.5067,98.3631
1077,98.8296,92.4305
1078,91.0777,93.7595
1079,105.9983,90.5352
1080,102.389,92.9063
1081,97.4609,91.7524
1082,98.8483,95.6056
1083,107.8628,92.3038
1084,97.5396,93.7702
1085,98.8236,97.6446
1086,97.9584,91.9658
1087,99.6653,89.178
1088,94.1537,93.106
1089,97.6488,96.5633
1090,94.9924,92.5331
1091,93.3256,88.7042
1092,102.6745,94.24
1093,94.6663,90.5105
1094,103.5848,93.5599
1095,93.4552,89.8575
1096,97.5433,90.9104
1097,103.0879,98.5176
1098,90.7264,89.7468
1099,90.5048,86.8633
1100,91.6169,94.3986
1101,94.8341,94.5452
1102,92.9966,92.8087
1103,96.7737,90.1574
1104,95.9184,91.7153
1105,110.8631,89.3323
1106,89.1014,89.2055
1107,97.4431,90.8759
1108,95.9828,91.7677
1109,96.8078,89.7671
1110,97.3953,97.2727
1111,98.6844,89.4727
1112,105.6761,93.2743
1113,96.6972,89.906
1114,103.5797,92.4904
1115,97.8406,89.9732
1116,101.6305,93.4966
1117,96.7393,90.199
1118,93.7609,92.5552
1119,94.0806,88.3733
1120,99.4378,93.7234
1121,96.3175,92.6586
1122,106.2865,93.38
1123,101.6368,91.6488
1124,97.3614,90.2877
1125,102.5294,95.0738
1126,93.837,90.059
1127,107.048,87.6514
1128,101.1158,90.1559
1129,108.3246,97.374
1130,92.7088,92.5954
1131,96.2606,90.1516
1132,101.7296,92.8773
1133,95.4321,86.5724
1134,94.3307,87.0464
1135,96.5244,95.0796
1136,102.2647,96.1192
1137,97.2068,94.1879
1138,97.9146,90.8369
1139,99.5616,92.8091
1140,101.8955,93.2608
1141,94.9222,88.5168
1142,104.5906,89.2097
1143,99.5003,89.799
1144,100.2707,95.3237
1145,96.7236,94.4171
1146,102.8626,90.8363
1147,106.7524,92.4389
1148,95.3473,94.9501
1149,93.745,92.8211
1150,88.2425,91.8701
1151,103.164,93.8289
1152,100.6093,91.8084
1153,95.7865,92.607
1154,99.5346,90.4516
1155,98.07,98.9522
1156,98.3365,92.7073
1157,94.4961,98.744
1158,92.8503,94.5867
1159,102.0481,96.374
1160,92.1343,92.641
1161,106.0072,91.9754
1162,100.9963,92.0519
1163,95.0219,94.3776
1164,99.2277,98.0582
1165,97.0242,96.9752
1166,95.626,88.8184
1167,93.0178,90.9876
1168,93.1627,87.7583
1169,102.3549,92.9859
1170,105.8811,90.7134
1171,101.6706,96.5075
1172,101.867,93.2863
1173,97.5416,95.0079
1174,94.6469,96.3279
1175,97.599,94.2972
1176,96.781,91.5594
1177,97.227,99.3123
1178,100.3264,91.297
1179,94.1747,92.5809
1180,96.6155,89.7002
1181,91.5179,93.5741
1182,89.1316,89.4122
1183,86.5253,96.6267
1184,98.4056,91.2268
1185,95.8844,98.3113
1186,99.8443,96.7217
1187,100.8026,99.0313
1188,93.0312,96.4339
1189,99.8198,92.3883
1190,96.3048,83.1473
1191,99.9426,90.3244
1192,94.3105,91.5486
1193,99.5642,90.0779
1194,94.6837,96.7652
1195,99.3875,93.9005
1196,106.9884,94.8384
1197,93.799,95.5466
1198,90.8422,89.7889
1199,92.1413,91.131
1200,103.3883,89.7403
1201,98.67,96.0589
1202,88.6844,91.3018
1203,92.9738,94.506
1204,95.1755,93.6014
1205,100.3262,98.9295
1206,91.9939,94.9345
1207,106.5564,94.2046
1208,90.7068,91.0131
1209,98.7668,92.5808
1210,101.7953,90.5479
1211,99.0218,92.2837
1212,97.7525,89.6182
1213,96.751,91.6767
1214,96.6608,94.0603
1215,98.0032,89.394
1216,92.7761,94.2121
1217,95.4847,90.3266
1218,99.8066,88.3466
1219,98.2413,100.0945
1220,93.149,94.5641
1221,99.0079,94.8744
1222,98.5541,92.4331
1223,95.8094,96.42
1224,97.7352,93.3333
1225,97.7158,91.5691
1226,99.195,92.348
1227,88.3936,93.4586
1228,95.4239,92.6216
1229,90.0438,95.1675
1230,102.6415,89.2782
1231,97.6749,91.1403
1232,98.0186,98.0045
1233,93.6035,91.4669
1234,95.669,95.4039
1235,92.0808,95.487
1236,104.4699,94.9108
1237,96.0714,95.4215
1238,96.5195,87.2428
1239,93.7963,92.735
1240,92.9562,90.7076
1241,99.4224,90.4791
1242,99.1137,97.0378
1243,91.3456,92.9166
1244,100.2606,98.772
1245,102.9406,91.8493
1246,95.7306,92.7127
1247,94.0173,93.9525
1248,93.791,93.4279
1249,99.7693,93.3474
1250,92.4816,93.9921
1251,96.2046,90.778
1252,97.4407,92.9337
1253,93.1779,89.0689
1254,96.0425,93.992
1255,102.078,90.7989
1256,95.9282,90.8533
1257,95.2522,94.6615
1258,95.2292,93.5972
1259,97.9206,92.5891
1260,95.5361,95.9565
1261,99.2926,90.578
1262,98.492,94.5076
1263,92.3039,91.2265
1264,97.4892,87.2507
1265,95.8247,89.4566
1266,106.1478,89.7932
1267,100.2947,97.1699
1268,87.8483,89.0571
1269,90.1985,89.5231
1270,92.8065,97.4206
1271,95.5791,93.1494
1272,94.8968,96.5232
1273,102.2328,93.9182
1274,92.0736,87.3026
1275,90.9302,91.8113
1276,104.8004,94.8994
1277,105.212,98.2933
1278,97.5296,90.023
1279,95.6399,89.3108
1280,97.6401,95.5813
1281,97.7516,98.8477
1282,100.4507,94.3226
1283,95.9493,92.4182
1284,98.6986,94.5284
1285,92.7616,91.2861
1286,97.992,85.9479
1287,94.5037,87.6578
1288,90.8325,91.316
1289,95.0839,93.8202
1290,97.3673,94.5231
1291,97.404,97.9082
1292,96.2636,98.7217
1293,99.8628,93.6804
1294,94.7899,93.1414
1295,93.4694,96.0944
1296,98.1208,90.2895
1297,97.8832,94.4584
1298,96.9314,92.2009
1299,93.6278,86.3625
1300,96.2043,96.4665
1301,99.7629,92.3042
1302,93.4719,92.7731
1303,106.0366,93.5056
1304,98.9497,92.4499
1305,97.9419,93.2523
1306,102.3627,97.5892
1307,96.7519,88.8795
1308,97.9033,94.2291
1309,94.7356,91.7859
1310,98.4626,95.4259
1311,99.9531,95.4379
1312,90.0253,91.8904
1313,95.8545,95.0801
1314,94.8333,94.0624
1315,93.6136,98.2281
1316,104.8134,92.6591
1317,102.1985,92.5187
1318,96.6924,89.5575
1319,91.972,98.4298
1320,102.4454,95.5583
1321,97.9349,97.8702
1322,100.366,91.2409
1323,94.134,90.2514
1324,95.4838,94.991
1325,94.2512,98.2716
1326,98.9081,92.5976
1327,99.7014,92.1413
1328,95.5832,95.642
1329,99.3277,93.6917
1330,98.581,93.3046
1331,101.8079,87.0269
1332,101.5121,95.9537
1333,102.1983,94.9658
1334,102.5271,93.3683
1335,108.4353,93.7323
1336,97.3511,94.1512
1337,97.5955,94.3438
1338,92.3046,97.2105
1339,103.982,91.5088
1340,94.0883,97.3871
1341,95.1108,95.6682
1342,96.218,95.7592
1343,101.1503,91.8638
1344,97.8447,95.431
1345,95.8542,87.1781
1346,91.4434,86.7256
1347,95.1395,91.9404
1348,94.6809,93.907
1349,101.0166,86.0913
1350,99.0323,91.6396
1351,104.7818,94.384
1352,101.2841,97.2065
1353,96.9092,87.3439
1354,98.8145,98.3216
1355,95.5116,93.075
1356,99.9789,87.625
1357,103.1676,89.692
1358,95.7395,94.8955
1359,91.4817,91.3968
1360,95.0758,91.0857
1361,102.0512,93.1846
1362,103.714,96.4765
1363,91.7019,93.3755
1364,105.0349,89.3269
1365,110.1814,95.0503
1366,104.6279,96.7554
1367,103.1815,95.1597
1368,95.21,93.4021
1369,99.5806,93.985
1370,100.892,94.8995
1371,97.7091,91.9288
1372,99.6542,84.2377
1373,105.8417,92.484
1374,95.1404,94.3426
1375,102.2997,94.0627
1376,100.9477,99.4414
1377,89.846,95.1789
1378,95.4614,93.882
1379,97.7816,89.0432
1380,101.5871,84.353
1381,97.3507,89.8749
1382,95.0821,89.3167
1383,89.6088,93.6192
1384,102.9967,90.8041
1385,93.8237,92.5311
1386,96.4149,89.6665
1387,97.303,93.5917
1388,103.1801,95.0117
1389,98.7169,94.0827
1390,96.1071,90.5333
1391,95.7933,95.7065
1392,98.7901,92.5853
1393,94.8837,95.1256
1394,100.3756,95.9779
1395,107.1705,95.0742
1396,94.8421,89.5711
1397,99.9616,90.2688
1398,94.2816,89.6111
1399,98.8531,92.2751
1400,95.0759,94.5733
1401,102.1556,98.6642
1402,89.4663,91.006
1403,99.8828,98.3043
1404,91.3033,91.8852
1405,100.9287,95.175
1406,97.4796,96.6342
1407,94.6489,91.7613
1408,96.992,90.4242
1409,92.5337,89.6627
1410,90.8638,88.5951
1411,94.7743,94.5505
1412,95.4533,94.8189
1413,96.2768,92.8538
1414,98.1924,95.8787
1415,95.9098,96.5042
1416,99.5329,97.9625
1417,92.6197,92.8259
1418,99.6809,95.8949
1419,95.504,93.0118
1420,93.3059,89.8822
1421,99.7391,98.0695
1422,94.5122,94.2717
1423,96.2276,96.3617
1424,95.5774,89.9309
1425,97.2193,96.7211
1426,102.8593,92.7505
1427,96.8664,95.8314
1428,97.8916,87.2127
1429,98.0416,93.0163
1430,103.1815,97.8101
1431,87.3308,91.6915
1432,96.1222,95.0199
1433,97.7042,93.8922
1434,94.9109,95.3994
1435,95.1959,89.6852
1436,102.5153,86.4298
1437,97.9695,96.1884
1438,100.5019,94.537
1439,91.0087,95.3996
1440,91.7762,91.513
1441,99.198,87.063
1442,96.3656,90.9972
1443,93.5484,93.4065
1444,99.9701,92.6458
1445,100.4604,90.2324
1446,105.7792,93.2925
1447,98.0522,92.309
1448,107.7844,93.534
1449,91.9968,96.2639
1450,94.2871,95.0846
1451,97.1175,93.5044
1452,92.8204,97.319
1453,94.7712,95.0726
1454,101.931,91.9192
1455,99.2441,91.236
1456,100.7147,87.2488
1457,107.4886,98.4143
1458,98.1367,95.1506
1459,90.7585,92.0346
1460,94.2342,94.0618
1461,105.9245,92.6308
1462,94.8579,85.9414
1463,99.5751,92.4367
1464,100.9068,90.768
1465,102.9622,90.9989
1466,97.029,93.0667
1467,90.8372,90.7398
1468,91.3242,92.3825
1469,97.3881,94.9625
1470,98.9205,94.6799
1471,98.934,96.1273
1472,94.2722,95.8475
1473,97.7365,92.0414
1474,93.5444,90.6044
1475,96.7917,86.8629
1476,91.5996,92.7224
1477,91.9776,91.6128
1478,102.7245,92.1627
1479,94.4776,93.1445
1480,101.3111,91.3892
1481,98.981,94.3657
1482,94.4848,90.538
1483,92.0624,92.3348
1484,100.7783,96.5556
1485,100.5938,91.3043
1486,99.5095,89.461
1487,98.5208,96.0429
1488,95.5733,97.9888
1489,88.4783,88.2709
1490,93.3083,90.1453
1491,89.9983,86.0767
1492,90.391,93.8114
1493,102.3984,92.8192
1494,93.787,94.6342
1495,95.0922,87.5227
1496,97.5715,92.5972
1497,99.093,90.6815
1498,95.5342,89.8673
1499,93.9651,96.3978
1500,93.3099,99.2534
1501,100.8904,93.8079
1502,93.4976,92.2092
1503,96.1685,93.1507
1504,93.1717,94.5141
1505,93.3847,92.32
1506,98.8516,87.2029
1507,98.4872,90.1876
1508,99.1188,93.4538
1509,96.2565,95.9472
1510,94.6692,98.115
1511,94.8012,91.4267
1512,93.9147,91.6925
1513,101.1877,95.8608
1514,97.7806,95.6707
1515,97.5801,95.3834
1516,100.1095,92.848
1517,99.2141,95.5972
1518,96.1581,94.5239
1519,95.5521,90.1929
1520,98.7166,93.3115
1521,99.9096,93.1772
1522,95.1431,95.7863
1523,93.0911,86.3772
1524,105.8812,93.2254
1525,98.6977,95.7695
1526,96.3032,90.2698
1527,92.2374,90.9589
1528,100.5802,93.4109
1529,95.8233,94.7089
1530,92.0838,91.9231
1531,101.3318,93.5702
1532,99.2375,92.9985
1533,100.3959,89.0615
1534,98.8329,92.4881
1535,100.7872,94.5273
1536,104.7298,85.5619
1537,98.0246,90.3152
1538,101.6033,94.3199
1539,96.8446,91.0033
1540,98.7878,94.1078
1541,93.8792,95.2241
1542,93.8429,95.4169
1543,94.9189,94.0057
1544,88.633,91.4433
1545,92.3629,88.865
1546,101.0565,91.8559
1547,106.0445,93.715
1548,104.0984,90.7872
1549,100.7157,91.0131
1550,102.7203,91.4128
1551,98.9388,92.885
1552,97.8084,89.0744
1553,95.2307,91.0374
1554,90.8103,94.4985
1555,102.6584,93.5018
1556,92.0494,92.8556
1557,95.377,93.8942
1558,92.1203,90.9117
1559,93.2722,89.3418
1560,99.8651,93.7023
1561,92.436,92.6377
1562,93.4112,97.0595
1563,96.4202,86.9607
1564,91.9586,92.3332
1565,95.8094,96.546
1566,94.8532,96.1932
1567,95.3269,88.4243
1568,90.8686,96.0908
1569,97.1383,91.1809
1570,95.4093,86.3886
1571,99.5677,93.559
1572,93.709,90.7957
1573,97.0771,93.9626
1574,97.7801,91.7978
1575,93.7591,98.4802
1576,93.214,92.7271
1577,93.4051,93.0719
1578,93.3736,91.8414
1579,95.8292,90.8236
1580,95.9256,92.3691
1581,97.4417,90.5575
1582,100.5718,95.1115
1583,93.6293,95.4521
1584,90.3748,92.6983
1585,97.5451,92.2215
1586,108.6469,93.1482
1587,93.774,93.5083
1588,96.1763,93.0994
1589,97.6154,91.6895
1590,93.4064,86.046
1591,102.152,93.1719
1592,88.4799,93.3425
1593,99.9502,94.2808
1594,87.1951,95.1486
1595,102.316,93.4323
1596,99.5078,89.6488
1597,95.3603,93.947
1598,93.5511,93.2209
1599,94.803,92.0615
1600,90.8287,93.321
1601,99.083,91.3073
1602,97.7794,95.321
1603,100.8474,92.5454
1604,91.5389,94.0829
1605,95.3225,89.1058
1606,101.767,87.9849
1607,92.1237,92.417
1608,103.6123,93.6336
1609,90.043,96.7787
1610,89.9593,91.5086
1611,95.2656,92.6184
1612,100.3827,84.3469
1613,96.442,92.0384
1614,99.69,99.5639
1615,99.1776,92.0927
1616,97.0876,94.016
1617,95.6525,91.8948
1618,96.3463,92.7974
1619,96.6105,96.4958
1620,102.3981,89.2655
1621,96.8336,96.5203
1622,97.4684,94.1552
1623,101.6865,90.9716
1624,106.0051,98.8854
1625,98.1047,90.2077
1626,103.8703,95.3403
1627,100.2496,93.7635
1628,100.1478,86.9134
1629,98.9744,88.5718
1630,101.5904,87.032
1631,99.3339,95.9657
1632,103.7904,96.2812
1633,93.4369,95.2934
1634,95.4399,89.1263
1635,93.5079,91.4972
1636,90.2574,95.5975
1637,102.3925,88.3689
1638,95.8387,95.9175
1639,95.5478,92.942
1640,91.1173,93.255
1641,101.9584,92.8081
1642,95.4563,96.9708
1643,89.2616,93.7486
1644,95.2351,91.2476
1645,93.2557,94.7709
1646,93.0435,89.3853
1647,96.7075,91.5968
1648,92.7398,95.7907
1649,94.9614,97.6566
1650,98.6063,94.5939
1651,99.3208,90.6088
1652,95.6389,96.9764
1653,93.7141,94.4017
1654,95.3109,87.5806
1655,98.4837,95.4009
1656,94.9197,93.8128
1657,97.1176,96.0825
1658,86.5666,90.3165
1659,95.4091,91.2358
1660,98.6098,86.8841
1661,98.8994,92.9752
1662,93.0897,88.5852
1663,98.976,93.2426
1664,101.0127,92.5514
1665,103.1149,95.776
1666,91.8872,93.6963
1667,96.9127,90.7249
1668,94.6462,95.0966
1669,96.4029,92.2967
1670,91.9543,93.8029
1671,94.0985,97.3136
1672,101.6216,92.4846
1673,90.3203,90.4287
1674,96.6195,95.9672
1675,92.8712,90.7402
1676,93.3342,92.5345
1677,93.6722,95.704
1678,94.787,93.674
1679,90.3261,89.0619
1680,98.5029,95.1802
1681,102.18,89.9582
1682,100.9864,96.779
1683,101.6808,89.7892
1684,95.3896,93.7978
1685,98.4755,90.7604
1686,92.9969,94.6814
1687,97.2269,99.8009
1688,94.5942,95.8549
1689,99.3258,92.3148
1690,94.2421,92.7551
1691,91.6217,88.1076
1692,97.0095,93.5692
1693,103.8768,87.5563
1694,94.0919,97.0027
1695,92.0494,93.1477
1696,97.6705,95.3192
1697,90.7696,95.4719
1698,99.5526,88.2011
1699,96.2685,95.935
1700,98.1004,89.348
1701,97.496,91.3078
1702,96.0234,95.2376
1703,90.1446,86.7127
1704,96.1502,88.8597
1705,98.6648,92.1235
1706,98.7696,92.9552
1707,99.06,92.7499
1708,93.1783,94.7004
1709,93.9173,96.8845
1710,99.0069,94.6161
1711,93.5636,92.2946
1712,95.4124,92.969
1713,94.9614,91.11
1714,97.3247,94.9329
1715,96.3519,87.7671
1716,94.0706,95.0404
1717,88.2506,92.1106
1718,102.3282,96.0057
1719,96.8394,91.5738
1720,90.918,97.2935
1721,102.1734,88.7529
1722,94.7568,90.1975
1723,101.4676,94.3159
1724,94.6562,92.0709
1725,98.7891,94.0123
1726,94.6309,90.0769
1727,104.4327,100.4946
1728,100.2491,94.6229
1729,94.8083,90.007
1730,93.0951,95.7607
1731,94.0365,88.6487
1732,100.0543,87.2724
1733,95.0673,95.1484
1734,96.0045,98.0714
1735,110.0697,96.0952
1736,97.177,96.7492
1737,95.7488,91.9858
1738,92.1631,88.1449
1739,102.877,95.5567
1740,97.8416,89.3124
1741,92.228,92.5966
1742,94.2878,95.0181
1743,100.0442,96.2266
1744,95.5742,92.7656
1745,100.4481,92.1172
1746,94.4763,95.0834
1747,95.3833,96.8834
1748,91.2979,97.1261
1749,90.9909,98.9342
1750,101.5066,94.0033
1751,106.3931,94.552
1752,95.8848,94.9557
1753,95.4729,95.3464
1754,92.9638,90.551
1755,93.1686,90.3564
1756,98.0947,95.7927
1757,99.8064,96.4057
1758,98.7997,94.1986
1759,103.2851,92.3245
1760,99.5318,91.6759
1761,103.182,90.7864
1762,99.5902,88.3105
1763,94.7091,92.829
1764,96.2715,90.5605
1765,95.4109,98.461
1766,99.687,94.2739
1767,101.3112,87.7255
1768,94.5333,93.7316
1769,96.1345,93.462
1770,98.8384,89.3209
1771,92.297,96.3925
1772,94.8325,91.7422
1773,99.8649,95.1961
1774,102.8573,97.4802
1775,96.4045,93.135
1776,98.2163,95.4792
1777,99.5038,97.3323
1778,94.9645,94.9224
1779,98.4597,92.7923
1780,90.5202,92.3316
1781,97.556,97.1193
1782,99.7657,92.2231
1783,94.3964,90.1039
1784,95.9839,92.4104
1785,101.9335,93.5551
1786,98.5697,90.0669
1787,105.9375,92.3585
1788,95.8493,91.3642
1789,97.4229,95.6544
1790,92.6217,95.4219
1791,93.8174,89.7999
1792,103.4459,94.8979
1793,93.8146,96.1854
1794,94.0607,91.6615
1795,97.111,91.0598
1796,95.1387,90.2259
1797,89.2669,90.9032
1798,100.1257,97.7715
1799,101.7121,92.8241
1800,94.4002,86.841
1801,95.8512,91.98
1802,97.3976,92.9793
1803,94.9187,90.985
1804,94.5308,92.1487
1805,97.6913,92.4024
1806,96.3726,89.7351
1807,94.1801,98.6423
1808,104.9645,91.9263
1809,103.1547,94.526
1810,84.9332,95.3348
1811,105.7788,93.1001
1812,95.5348,91.2275
1813,99.0869,93.5123
1814,100.8248,94.8967
1815,105.6903,95.6461
1816,98.426,92.5415
1817,97.175,94.1274
1818,87.7162,96.8028
1819,92.371,90.7452
1820,96.8606,88.9668
1821,98.4883,94.2727
1822,92.0715,90.948
1823,95.2745,88.6816
1824,95.068,89.9194
1825,101.9242,96.1524
1826,97.0093,97.2508
1827,89.4556,95.695
1828,97.6285,87.2307
1829,96.5577,91.7475
1830,100.9923,90.6625
1831,98.0011,94.228
1832,103.7055,97.0822
1833,99.1162,91.3133
1834,92.0878,95.2005
1835,95.4659,89.5391
1836,92.1055,92.715
1837,98.4097,91.2178
1838,105.13,91.4973
1839,101.9614,94.1563
1840,99.669,92.5676
1841,104.4588,91.8317
1842,99.815,95.7354
1843,89.9021,90.4576
1844,97.6294,89.9208
1845,99.1986,92.6529
1846,95.5473,91.3761
1847,92.7654,92.4826
1848,96.9107,94.0601
1849,95.316,95.3112
1850,97.4321,93.7323
1851,99.7046,96.2643
1852,101.2885,94.7967
1853,98.9224,92.6533
1854,92.3071,93.6635
1855,105.7612,91.4137
1856,96.2927,89.2578
1857,93.4829,92.1944
1858,108.2241,97.09
1859,100.2057,88.3784
1860,104.8249,95.5316
1861,93.5398,92.0604
1862,97.0687,93.977
1863,94.0918,97.747
1864,93.117,93.0636
1865,98.1877,89.8167
1866,93.0263,93.8608
1867,100.01,101.5971
1868,96.6774,91.2665
1869,99.4819,97.0615
1870,95.2528,92.1
1871,102.8939,94.0965
1872,102.8738,90.4794
1873,98.6256,96.21
1874,94.8155,90.2002
1875,96.5985,100.4145
1876,97.8535,87.179
1877,99.7146,94.4217
1878,95.7451,91.2768
1879,91.22,94.6743
1880,99.8593,91.9054
1881,96.0546,95.7531
1882,93.1779,96.9585
1883,95.4414,91.053
1884,99.1271,91.3112
1885,98.4889,92.7762
1886,101.9361,89.6081
1887,92.8603,90.9245
1888,99.9194,92.0798
1889,101.3758,93.6202
1890,91.8159,94.4104
1891,103.4772,92.0284
1892,98.4841,96.5348
1893,92.8486,98.6798
1894,98.8608,97.0616
1895,97.07,92.48
1896,92.6395,90.589
1897,100.4968,93.5396
1898,97.4408,86.9602
1899,91.8919,87.4338
1900,96.8685,96.6773
1901,100.2247,95.0355
1902,94.5378,93.6683
1903,97.1976,89.653
1904,100.748,90.835
1905,97.4739,95.1571
1906,100.2968,90.9213
1907,91.143,95.327
1908,91.3081,89.7556
1909,103.1793,96.6994
1910,94.9271,92.9504
1911,91.5497,89.6526
1912,90.4054,87.748
1913,93.9053,96.9846
1914,96.2001,97.8095
1915,90.8642,95.0459
1916,96.8026,87.7791
1917,103.0967,91.1666
1918,102.563,91.6509
1919,97.8314,92.4042
1920,105.1069,89.2527
1921,94.8412,91.2312
1922,99.169,94.7029
1923,101.1165,95.9321
1924,95.4294,86.9225
1925,96.3135,90.8155
1926,90.5124,97.1185
1927,91.5346,90.2309
1928,98.0908,93.8168
1929,88.4811,89.7164
1930,94.661,95.0669
1931,98.3956,95.1839
1932,93.3554,91.2683
1933,97.0354,94.1002
1934,92.2419,86.7085
1935,94.851,91.5436
1936,98.8989,94.1717
1937,103.5124,92.2927
1938,92.7088,92.0613
1939,88.8382,93.1646
1940,101.657,91.0635
1941,98.229,92.7284
1942,95.2769,87.2242
1943,96.5454,94.766
1944,99.0328,91.245
1945,97.7567,89.3682
1946,101.9856,92.1459
1947,90.8852,88.0374
1948,99.3213,97.9427
1949,98.6162,93.4945
1950,96.2847,91.0111
1951,100.02,94.7058
1952,104.1224,90.7155
1953,92.8514,94.861
1954,92.97,91.6845
1955,99.9823,87.32
1956,92.7133,100.5323
1957,99.6986,91.8236
1958,98.5415,90.9959
1959,98.2769,89.8601
1960,91.8423,88.5491
1961,102.6828,86.8696
1962,94.4926,92.0114
1963,97.8449,89.5679
1964,94.7065,94.774
1965,94.9119,90.0268
1966,105.8826,91.9819
1967,102.1988,91.9717
1968,90.6631,89.3035
1969,91.7784,100.0164
1970,97.4761,92.6784
1971,103.1416,87.1365
1972,97.0224,93.7357
1973,102.0801,90.7446
1974,95.9177,95.1183
1975,99.4004,92.8347
1976,91.1702,88.7461
1977,104.9776,90.3584
1978,89.136,92.4139
1979,91.6525,92.0748
1980,96.9334,93.7451
1981,99.221,94.4032
1982,98.1393,92.2805
1983,99.027,91.9961
1984,93.2017,96.1893
1985,91.9396,95.1782
1986,98.8839,92.194
1987,98.7793,91.2962
1988,102.8336,92.6612
1989,101.1581,94.6783
1990,94.4501,91.6122
1991,92.8651,93.1328
1992,93.1988,88.8724
1993,107.1021,94.7501
1994,94.3498,97.7246
1995,94.199,98.1396
1996,94.258,93.3974
1997,98.8163,95.5241
1998,98.7586,91.2322
1999,93.1219,92.1675
2000,99.4836,91.1877
2001,97.0425,93.5445
2002,98.0263,91.4312
2003,92.5951,90.9606
2004,92.9839,95.4309
2005,95.2136,97.6738
2006,97.0797,90.056
2007,96.8706,88.0903
2008,97.1531,92.3673
2009,93.315,92.1762
2010,98.8626,93.9963
2011,99.9793,90.6137
2012,96.6401,90.3823
2013,96.4372,89.6147
2014,106.178,92.8543
2015,94.3871,89.2435
2016,99.9994,91.7391
2017,96.3577,92.9805
2018,96.7145,96.2222
2019,102.6674,89.497
2020,94.9043,93.5627
2021,100.33,98.5575
2022,98.9133,93.2798
2023,99.9035,96.0169
2024,101.3208,89.9243
2025,93.1686,96.6347
2026,95.149,90.5842
2027,94.9181,97.6835
2028,97.0877,91.3369
2029,100.0403,93.0424
2030,103.3572,94.1216
2031,101.0206,89.6641
2032,93.5645,97.3012
2033,102.0741,95.8326
2034,97.1287,95.5985
2035,96.0524,92.7551
2036,100.6734,95.8035
2037,91.998,96.3156
2038,93.7294,90.2661
2039,101.0727,93.4198
2040,97.0243,97.8634
2041,104.6531,96.3909
2042,95.6442,97.3883
2043,97.5354,93.1907
2044,100.5994,92.1595
2045,102.0578,91.7835
2046,99.9253,95.3266
2047,95.6191,92.0815
2048,90.6691,93.7609
2049,100.9903,95.3258
2050,94.1357,94.9254
2051,94.0715,96.9865
2052,103.4474,96.1817
2053,101.8792,96.2867
2054,96.7135,90.1298
2055,94.6584,97.1117
2056,101.1251,92.5507
2057,95.1964,96.7518
2058,98.4905,88.8441
2059,89.834,97.2479
2060,95.6811,87.7632
2061,95.3309,94.0986
2062,94.4473,92.5392
2063,103.5703,97.7477
2064,100.499,92.5617
2065,96.9041,95.929
2066,96.3638,94.2814
2067,91.7812,96.6282
2068,98.1758,92.242
2069,94.1989,90.1577
2070,95.2366,92.9322
2071,101.4941,91.6805
2072,100.7799,93.9891
2073,97.1418,92.0557
2074,98.2835,92.1986
2075,91.3369,91.9464
2076,93.7548,90.7183
2077,96.5243,95.6398
2078,96.2103,88.8493
2079,105.8815,91.7771
2080,99.8527,93.9982
2081,92.6998,94.9265
2082,89.6698,96.6973
2083,97.9907,97.097
2084,90.5961,91.2944
2085,96.7001,94.6369
2086,93.7648,92.0202
2087,101.0721,93.3133
2088,97.6097,97.1299
2089,100.3372,92.3091
2090,97.8933,91.3728
2091,94.7221,93.0807
2092,102.6364,94.9563
2093,92.8907,85.7512
2094,96.9431,92.3921
2095,104.6018,92.1682
2096,93.9933,91.9726
2097,100.2363,91.6085
2098,94.2918,96.7818
2099,91.7066,93.036
2100,104.673,89.5806
2101,96.7988,92.1229
2102,99.7029,97.048
2103,95.6061,96.0933
2104,90.8912,92.6772
2105,97.7852,91.1542
2106,95.3691,93.4096
2107,99.4271,97.1723
2108,111.4704,89.6883
2109,93.9654,89.0702
2110,98.0063,91.5689
2111,97.351,94.688
2112,100.3883,91.9168
2113,97.0919,94.5769
2114,107.7933,88.4087
2115,100.2513,89.7134
2116,90.887,92.262
2117,96.288,90.6722
2118,92.5446,94.5466
2119,87.9712,93.9906
2120,91.4494,96.1218
2121,94.2415,93.3047
2122,96.4945,93.3518
2123,96.5295,90.6349
2124,101.8529,92.2004
2125,102.0899,91.6279
2126,99.8556,91.8071
2127,101.0562,90.9108
2128,97.1112,94.21
2129,93.7292,90.7471
2130,90.8205,87.5415
2131,94.9758,90.4959
2132,96.6445,93.4171
2133,99.958,93.5912
2134,94.3209,93.6308
2135,97.3134,92.2441
2136,97.628,95.9013
2137,92.3509,91.7856
2138,101.1156,88.8091
2139,99.7811,95.2409
2140,97.3489,94.7374
2141,99.6887,93.7565
2142,103.4329,89.4458
2143,98.1072,90.1459
2144,97.5478,93.0991
2145,96.088,93.2168
2146,90.2002,94.7061
2147,97.1723,91.8845
2148,93.9605,92.1305
2149,106.9893,89.1179
2150,95.7384,94.5712
2151,93.9619,88.7274
2152,90.3484,98.0443
2153,101.8068,93.4612
2154,95.3492,95.0237
2155,90.9808,95.5953
2156,98.0587,88.6605
2157,93.3466,93.2517
2158,96.5548,92.324
2159,91.1745,91.4953
2160,94.5684,98.3459
2161,94.5924,92.5678
2162,99.1852,92.2994
2163,92.217,89.3215
2164,103.3863,91.3117
2165,91.7164,92.992
2166,89.8693,95.2178
2167,89.9794,87.4056
2168,98.3365,101.2519
2169,104.2999,91.9065
2170,94.0952,96.644
2171,99.575,97.3817
2172,102.1661,89.4503
2173,90.8324,89.7818
2174,94.16,86.8143
2175,97.8761,90.1908
2176,97.5932,89.3432
2177,91.3915,91.4026
2178,95.8542,95.0841
2179,94.266,96.6106
2180,92.7248,94.5254
2181,101.9258,92.9256
2182,97.6677,95.5151
2183,95.0728,98.217
2184,94.5232,92.4639
2185,95.5322,95.9517
2186,95.8323,89.8346
2187,106.2578,91.7023
2188,97.1317,89.4521
2189,93.7697,93.8565
2190,95.1371,96.9944
2191,96.8045,92.03
2192,98.2222,95.432
2193,100.2563,93.6014
2194,99.4693,98.7277
2195,94.8823,94.8766
2196,106.6328,91.6426
2197,96.8094,96.1441
2198,89.1677,84.6964
2199,97.743,91.1466
2200,100.197,89.7966
2201,95.3086,92.2802
2202,92.0763,99.1756
2203,98.7977,89.9067
2204,93.4209,93.9901
2205,100.0763,92.1876
2206,99.0988,92.1702
2207,93.1276,94.7249
2208,90.4592,93.8467
2209,92.0929,92.693
2210,95.9567,93.5648
2211,100.8118,93.8461
2212,102.7346,87.0206
2213,101.0693,93.6496
2214,95.8125,90.5067
2215,97.0313,89.304
2216,101.5405,95.5922
2217,101.3246,96.1725
2218,95.1558,96.628
2219,99.9754,87.7367
2220,96.4496,86.442
2221,97.0141,92.959
2222,98.8627,91.0628
2223,92.3936,97.0318
2224,95.7514,91.3776
2225,104.1403,94.9385
2226,100.1668,94.518
2227,99.0407,92.0491
2228,107.9067,93.2641
2229,98.6963,87.868
2230,98.8106,96.5709
2231,100.5343,94.9556
2232,92.797,93.2862
2233,93.5207,89.3964
2234,109.2829,92.5387
2235,97.3157,96.1607
2236,91.3207,97.8544
2237,89.8221,95.1781
2238,94.3743,92.4685
2239,98.366,95.0212
2240,95.0372,97.9831
2241,95.535,96.7981
2242,94.552,91.1017
2243,96.0491,97.5108
2244,100.7342,89.6096
2245,90.5423,93.716
2246,104.8918,91.697
2247,98.582,97.023
2248,90.4589,91.0254
2249,98.4233,94.0144
2250,103.7696,90.599
2251,95.7056,97.2264
2252,86.9679,94.0937
2253,99.5027,94.7025
2254,95.5864,96.323
2255,101.8229,86.1687
2256,98.0569,93.8516
2257,101.1715,87.1473
2258,99.7398,93.7367
2259,104.1194,89.5078
2260,100.2162,93.9599
2261,97.6409,87.701
2262,98.9024,94.7767
2263,95.7869,98.6647
2264,94.3281,92.5667
2265,89.7752,95.0765
2266,93.493,81.4367
2267,99.3988,91.9459
2268,98.3719,92.2895
2269,102.1705,97.5771
2270,102.897,88.6704
2271,100.1529,92.5173
2272,95.4528,93.6283
2273,89.7122,91.0978
2274,104.1404,89.0594
2275,93.4859,90.9184
2276,99.8681,93.286
2277,89.9302,92.5343
2278,88.9759,92.8963
2279,98.0175,91.5927
2280,96.1596,93.8063
2281,95.5024,93.6754
2282,91.6009,92.7174
2283,95.9253,88.8769
2284,100.9222,97.0988
2285,91.6366,95.6435
2286,95.272,89.035
2287,95.7926,95.3069
2288,97.1273,94.7427
2289,102.1906,94.5089
2290,95.8106,94.6317
2291,91.642,91.2509
2292,94.4579,91.1002
2293,97.4644,96.6356
2294,96.161,93.475
2295,96.0879,93.006
2296,94.0564,91.9038
2297,96.5442,93.98
2298,99.4212,90.7322
2299,91.747,92.929
2300,96.0431,95.2493
2301,89.5113,92.1317
2302,97.1386,93.7954
2303,98.0787,89.2395
2304,98.5421,89.5225
2305,101.0921,91.7507
2306,95.2981,92.8358
2307,97.7083,95.2471
2308,98.1221,95.9177
2309,98.6015,93.361
2310,96.1201,88.4545
2311,98.9232,94.9867
2312,89.1311,96.643
2313,96.3454,88.687
2314,90.3213,88.9427
2315,101.7706,93.8438
2316,90.7214,92.0335
2317,95.9007,94.769
2318,92.0534,96.2335
2319,99.6254,96.6894
2320,101.9477,96.7858
2321,90.749,94.0444
2322,102.645,92.7253
2323,95.5212,93.4252
2324,95.4585,99.3091
2325,100.0703,96.4907
2326,97.2497,93.318
2327,92.4906,95.84
2328,98.0963,92.71
2329,96.7441,89.1153
2330,102.0603,94.8172
2331,92.1716,92.9729
2332,101.4471,90.1825
2333,97.037,91.3065
2334,96.1555,88.9131
2335,95.4786,96.2072
2336,90.7662,92.5576
2337,104.6513,93.2295
2338,92.216,91.2574
2339,99.2692,94.2128
2340,99.6634,93.7391
2341,93.7508,91.4192
2342,102.262,93.8178
2343,97.6465,90.1569
2344,101.2207,95.2403
2345,96.5,95.1869
2346,96.7223,91.8229
2347,102.9785,94.578
2348,99.1252,96.4545
2349,90.8861,93.7877
2350,97.8376,91.4894
2351,94.0079,91.837
2352,98.5575,86.2731
2353,104.6836,92.8166
2354,103.0649,98.1541
2355,96.7983,95.5376
2356,94.0581,93.6455
2357,95.9988,93.807
2358,103.1563,91.8165
2359,96.1749,94.2091
2360,101.5302,96.814
2361,88.4222,99.1948
2362,98.138,91.9991
2363,93.2246,88.2776
2364,98.5936,90.0646
2365,97.8586,95.8933
2366,91.4835,83.3969
2367,99.6773,88.2576
2368,96.9197,89.8879
2369,96.2773,89.8497
2370,96.9437,96.5514
2371,99.1983,90.7768
2372,94.8974,90.0122
2373,89.7914,93.2649
2374,95.612,95.5619
2375,101.194,96.3872
2376,97.3767,86.9152
2377,95.5444,90.3061
2378,99.8603,92.5865
2379,101.3849,93.5668
2380,99.7513,93.1121
2381,92.3085,94.2874
2382,103.1899,93.8475
2383,96.7352,90.6939
2384,94.355,92.2965
2385,100.9287,91.5995
2386,89.6426,93.3825
2387,91.7146,95.9926
2388,90.4627,94.3069
2389,97.8956,96.5678
2390,96.012,87.8519
2391,94.6083,87.2194
2392,93.7301,92.7338
2393,94.818,90.4757
2394,94.3782,88.5926
2395,93.7255,91.8075
2396,95.5386,89.3009
2397,102.5152,96.1751
2398,93.6558,93.1949
2399,101.4602,94.7897
2400,97.143,98.0497
2401,94.1881,92.644
2402,95.3699,98.2016
2403,94.2562,93.9504
2404,104.1105,100.0659
2405,100.0612,92.9028
2406,91.2908,88.8084
2407,98.1514,94.4184
2408,90.2201,96.1633
2409,101.2654,95.7941
2410,97.6916,92.3028
2411,102.971,94.3941
2412,99.8142,97.3898
2413,107.01,88.8263
2414,91.9567,100.8543
2415,86.1018,93.6612
2416,108.1461,94.8562
2417,97.8593,90.9219
2418,94.9984,89.4038
2419,93.9736,90.4268
2420,93.3548,92.8817
2421,95.3957,91.9454
2422,97.1955,96.5077
2423,96.9096,91.9649
2424,95.2949,91.9608
2425,91.4164,89.7604
2426,94.6181,93.0834
2427,100.6111,91.2425
2428,97.576,93.0224
2429,99.8747,92.1281
2430,96.3547,96.4558
2431,102.3536,96.241
2432,96.5189,95.6553
2433,97.9834,96.8362
2434,91.8605,96.5413
2435,92.8468,89.001
2436,92.3822,90.9972
2437,94.4812,93.7223
2438,95.1451,98.5487
2439,93.6478,94.3031
2440,99.7044,97.459
2441,87.2471,93.1936
2442,98.5317,96.604
2443,92.6228,92.4704
2444,97.1536,89.2997
2445,98.3577,92.965
2446,100.5851,91.1241
2447,95.3794,95.5292
2448,104.1822,91.7993
2449,92.2555,90.148
2450,93.7243,91.5048
2451,95.6093,95.607
2452,92.1063,94.2924
2453,95.0825,94.7126
2454,92.1409,92.2926
2455,94.0629,94.781
2456,100.5041,91.733
2457,97.3372,96.0694
2458,95.1898,94.7063
2459,97.6833,87.112
2460,92.7449,98.252
2461,97.157,93.1702
2462,100.31,91.344
2463,98.293,87.9328
2464,97.8151,94.5479
2465,97.4091,94.0558
2466,96.8321,94.508
2467,99.5763,89.511
2468,96.9044,93.7039
2469,88.3844,90.9234
2470,97.3058,86.4333
2471,93.4963,97.7366
2472,99.3526,97.4573
2473,88.0715,93.9819
2474,94.0868,91.3643
2475,92.4876,93.206
2476,98.6659,92.3563
2477,94.9367,93.656
2478,101.3273,94.1126
2479,93.348,91.1492
2480,86.5506,96.7684
2481,95.4999,101.0693
2482,93.8552,94.4632
2483,92.0998,91.7949
2484,102.5592,90.0213
2485,93.7083,90.3933
2486,97.7221,95.1201
2487,94.9097,91.3947
2488,93.6447,93.5204
2489,103.3491,94.8773
2490,99.1161,93.7812
2491,100.988,96.0473
2492,101.5267,92.2435
2493,96.064,96.1284
2494,92.1244,87.4701
2495,101.5475,94.3052
2496,93.7245,97.852
2497,93.2429,92.7729
2498,100.348,93.0079
2499,95.8492,92.2893
2500,97.8166,88.8993
2501,99.5841,95.0972
2502,107.1979,89.4488
2503,95.977,92.2366
2504,89.9364,93.7212
2505,104.329,92.4886
2506,90.0898,94.714
2507,101.5277,91.0549
2508,93.346,97.4242
2509,98.7377,88.6788
2510,100.8754,95.7544
2511,92.9141,94.0845
2512,101.3377,94.8003
2513,94.6206,95.045
2514,103.6094,92.8245
2515,94.4509,92.9828
2516,94.1798,91.0195
2517,96.9762,94.8409
2518,95.4272,97.6105
2519,101.0226,88.15
2520,94.5842,94.1185
2521,98.267,94.9756
2522,100.0021,92.7237
2523,95.6906,91.8138
2524,101.9926,93.9838
2525,99.3772,97.097
2526,102.6032,91.3684
2527,101.936,95.8663
2528,94.4965,93.2253
2529,100.3655,94.5559
2530,89.3841,91.3977
2531,97.4546,89.4379
2532,99.8684,88.871
2533,95.817,90.9651
2534,106.8804,91.9839
2535,88.4736,94.3082
2536,98.4908,93.4086
2537,94.6124,91.843
2538,100.3465,93.7679
2539,100.993,97.3061
2540,98.6001,101.121
2541,93.6419,94.1197
2542,93.7812,97.2932
2543,87.6273,95.6565
2544,99.9541,93.8908
2545,95.9184,91.5486
2546,89.245,88.3843
2547,110.8742,94.5129
2548,103.8911,91.3281
2549,96.2584,95.7595
2550,100.5555,95.5303
2551,98.7793,96.9184
2552,100.5631,90.1567
2553,93.9555,95.0644
2554,97.8236,92.9359
2555,95.8007,93.7232
2556,94.1385,96.51
2557,101.9537,96.3888
2558,93.9053,90.897
2559,93.9192,93.851
2560,93.8639,92.0578
2561,101.3756,96.448
2562,93.8151,93.158
2563,89.7902,89.6366
2564,99.4421,92.6426
2565,100.1935,94.4727
2566,95.8746,90.4268
2567,96.8453,90.9769
2568,96.9472,94.6043
2569,94.8896,96.5846
2570,97.5943,93.6585
2571,101.7168,96.8296
2572,95.5453,93.3701
2573,96.2437,92.0562
2574,98.4286,92.5995
2575,87.471,96.6106
2576,97.2775,93.175
2577,95.909,91.0085
2578,94.9138,89.0731
2579,95.1562,92.5529
2580,93.3962,93.4337
2581,104.4354,93.3764
2582,94.941,92.2951
2583,88.3093,94.9707
2584,91.2151,92.7653
2585,98.1464,95.2645
2586,98.5218,89.4007
2587,94.7138,95.6086
2588,96.3817,91.5062
2589,100.5441,89.5108
2590,96.5692,96.6067
2591,98.9865,97.3496
2592,102.2654,89.5758
2593,99.8809,96.182
2594,95.1706,91.8502
2595,93.6959,96.4793
2596,104.1053,94.3417
2597,100.318,90.8244
2598,90.1317,96.8589
2599,97.6447,94.3394
2600,96.3818,89.6851
2601,96.2523,97.2627
2602,99.2412,90.9098
2603,99.1269,91.7342
2604,91.8394,92.7838
2605,99.5096,90.4919
2606,97.3006,88.2041
2607,89.8996,97.3949
2608,104.0634,89.5739
2609,97.5222,91.9102
2610,91.7926,94.3315
2611,97.4173,86.3782
2612,103.322,93.1144
2613,100.2448,99.0875
2614,94.2071,92.4522
2615,95.5317,92.1646
2616,89.9175,95.147
2617,92.1875,90.1378
2618,95.7007,87.8882
2619,102.4394,97.0252
2620,100.336,89.9448
2621,98.4634,94.7561
2622,100.7724,89.3371
2623,99.2068,90.9889
2624,89.9266,95.3182
2625,102.1402,90.8498
2626,93.458,89.3113
2627,100.1195,91.8078
2628,99.0917,96.0319
2629,100.305,89.8371
2630,98.4205,95.8873
2631,91.3453,91.2584
2632,95.9008,95.967
2633,99.4344,94.3339
2634,93.9238,89.4997
2635,92.3751,95.9968
2636,91.3301,86.3461
2637,92.2058,94.6227
2638,97.3531,86.5739
2639,97.2031,99.5284
2640,101.8123,87.4332
2641,93.6861,92.9469
2642,94.5694,91.8777
2643,93.0855,91.8453
2644,100.0232,94.4846
2645,97.8461,96.7747
2646,98.8439,90.0951
2647,96.7718,92.8946
2648,95.8603,91.0637
2649,96.8484,95.0659
2650,101.344,92.3249
2651,97.6126,94.4555
2652,101.6555,96.8277
2653,100.5136,95.4157
2654,95.5453,95.4217
2655,100.9319,88.3769
2656,92.4315,92.6591
2657,94.1012,89.3347
2658,96.2242,88.5632
2659,102.2875,90.2518
2660,92.895,93.7586
2661,102.2187,93.0556
2662,102.5637,89.3627
2663,101.2059,89.4562
2664,98.7293,94.1681
2665,97.0586,92.9875
2666,95.7849,93.7211
2667,90.8896,92.3833
2668,101.8359,89.1724
2669,103.4906,95.7119
2670,99.2321,98.7881
2671,91.282,92.6742
2672,95.231,89.7752
2673,87.9171,92.675
2674,94.783,93.1761
2675,91.0925,91.7203
2676,90.5838,90.9831
2677,98.8812,99.8218
2678,90.7107,93.3687
2679,102.9979,93.7436
2680,100.3192,91.8411
2681,100.9662,94.7371
2682,90.9905,88.6613
2683,100.3188,95.3351
2684,95.3122,94.439
2685,101.8126,89.1076
2686,100.2751,98.3557
2687,94.1872,93.5347
2688,95.5408,91.0539
2689,100.8245,91.5184
2690,105.7128,95.5471
2691,99.9002,96.3565
2692,101.2534,98.8263
2693,97.0011,91.297
2694,105.3323,95.3893
2695,101.3176,94.4075
2696,97.7243,90.6645
2697,97.5096,89.5313
2698,105.9123,94.8889
2699,93.2899,95.8884
2700,99.3947,90.5117
2701,96.7311,96.0757
2702,93.6184,90.6775
2703,94.8944,96.1595
2704,101.9875,88.1907
2705,89.1899,92.8211
2706,95.5422,94.5597
2707,91.3406,96.3957
2708,92.5892,87.9865
2709,96.9453,94.6012
2710,98.7456,90.5333
2711,106.0207,96.0177
2712,99.4417,91.612
2713,100.3578,96.2005
2714,92.9896,90.3266
2715,107.5517,91.9875
2716,93.3907,91.7629
2717,102.7701,94.9822
2718,100.2302,97.1861
2719,94.6639,91.3578
2720,100.5207,94.6974
2721,101.4242,93.1547
2722,98.2364,92.7184
2723,88.887,90.6984
2724,95.5755,89.7675
2725,97.1269,92.5813
2726,92.9499,97.4882
2727,86.9125,90.1818
2728,104.736,90.7892
2729,97.575,93.4378
2730,86.1813,94.7998
2731,96.3318,94.9819
2732,94.18,93.6323
2733,93.878,91.8606
2734,97.5846,92.1719
2735,95.8163,92.4124
2736,103.1452,92.3985
2737,99.1647,94.3499
2738,94.5654,89.7655
2739,103.4857,95.8395
2740,89.3452,91.7689
2741,94.7465,94.8983
2742,111.4819,91.8351
2743,92.4506,93.2191
2744,99.8245,99.9214
2745,92.4372,89.1434
2746,97.427,90.5575
2747,101.449,93.6532
2748,95.8073,96.5595
2749,98.982,90.7637
2750,90.4743,93.5951
2751,95.6626,96.6563
2752,103.3848,95.2076
2753,91.9539,92.1853
2754,99.6583,91.8525
2755,99.9526,96.6116
2756,97.177,94.1274
2757,97.2583,93.6349
2758,94.9405,88.1627
2759,99.1766,92.0252
2760,97.7246,87.872
2761,92.9005,97.5912
2762,100.6393,94.5649
2763,95.5036,93.7142
2764,99.2688,90.7117
2765,102.5838,96.307
2766,100.4325,90.8859
2767,99.7065,96.918
2768,94.4828,93.8564
2769,96.4673,93.8716
2770,92.2064,96.8568
2771,97.6281,95.5986
2772,97.8025,98.5713
2773,92.7152,92.4116
2774,107.5955,94.0204
2775,105.5262,92.3735
2776,105.6009,89.0823
2777,105.4451,95.2758
2778,98.3926,98.5987
2779,94.5264,94.5417
2780,100.4588,96.5858
2781,100.9055,94.8254
2782,97.1892,90.0532
2783,98.721,96.0086
2784,92.3789,96.5455
2785,97.0736,97.1496
2786,102.176,95.9257
2787,97.8141,90.6279
2788,100.5076,89.2628
2789,96.9638,91.1894
2790,90.1196,88.3687
2791,97.6717,94.6473
2792,96.8551,92.8774
2793,95.3293,95.6519
2794,98.3424,95.6512
2795,98.4095,92.4171
2796,95.6651,86.4313
2797,96.0804,94.4418
2798,91.2733,91.4745
2799,94.5749,92.2343
2800,102.5423,91.246
2801,94.0665,92.7433
2802,95.111,90.4984
2803,105.8148,92.5234
2804,100.8423,99.5416
2805,93.4688,92.5656
2806,97.1941,95.1678
2807,94.8825,93.1707
2808,90.1875,97.2314
2809,98.2361,90.7594
2810,92.6695,92.0936
2811,92.372,96.6199
2812,98.9484,93.1064
2813,98.7668,89.3621
2814,95.8275,94.0155
2815,103.4709,93.305
2816,95.7957,93.0527
2817,92.13,94.0476
2818,97.7078,85.8798
2819,91.4849,91.4552
2820,103.071,93.844
2821,97.2895,101.1893
2822,98.052,89.8065
2823,95.5565,94.4574
2824,96.6492,96.8489
2825,98.6387,101.8037
2826,101.6751,94.2515
2827,102.5177,94.9176
2828,101.745,96.0097
2829,101.2869,94.0692
2830,96.2126,93.1876
2831,96.7417,94.3997
2832,96.9857,90.2606
2833,99.1655,92.6622
2834,101.1413,96.1182
2835,104.8698,96.7956
2836,96.258,91.6601
2837,95.1036,92.1654
2838,99.2789,91.598
2839,99.8611,90.6
2840,103.5834,88.5135
2841,93.3674,93.8166
2842,101.9325,91.6825
2843,105.6145,93.2034
2844,99.9569,90.5248
2845,87.2475,93.2055
2846,91.0111,95.2458
2847,91.1447,94.54
2848,95.9037,90.0174
2849,92.6969,87.2438
2850,90.8827,90.9601
2851,98.1983,92.9736
2852,99.0012,95.5971
2853,97.7291,89.6077
2854,95.728,95.3214
2855,101.5242,92.0605
2856,99.8112,92.38
2857,105.7865,95.1968
2858,96.5399,92.5045
2859,99.2408,88.3827
2860,99.3264,91.3852
2861,109.0692,94.813
2862,91.5046,97.5468
2863,99.6039,94.2051
2864,102.2498,94.0629
2865,97.9881,90.6872
2866,94.5685,91.9884
2867,91.701,88.7024
2868,96.5636,97.2533
2869,96.1391,97.6402
2870,92.4907,93.9256
2871,97.234,92.8216
2872,92.6897,90.1218
2873,99.0361,95.6287
2874,94.4152,92.7495
2875,96.2231,92.4023
2876,94.7554,95.3082
2877,93.7943,91.1879
2878,89.0775,89.0185
2879,92.2866,94.0492
2880,95.3987,94.5436
2881,98.3637,89.5921
2882,92.9352,91.3507
2883,101.1447,91.7817
2884,103.8205,86.5995
2885,108.4531,97.6352
2886,95.9193,97.6378
2887,103.7004,95.7431
2888,93.4323,90.4006
2889,108.8835,93.25
2890,95.2815,100.2394
2891,97.9494,98.8182
2892,93.1454,94.2999
2893,97.5951,94.8679
2894,96.8539,92.9663
2895,87.4347,93.219
2896,94.4659,91.9265
2897,103.6442,91.5897
2898,101.6653,93.3785
2899,97.6183,94.4874
2900,103.3998,88.8663
2901,98.7986,92.278
2902,99.6482,91.3677
2903,99.0537,93.4749
2904,97.5188,92.4423
2905,93.4889,89.8779
2906,96.4197,92.8129
2907,96.6591,90.5755
2908,96.4725,93.6711
2909,97.4269,91.1013
2910,100.5345,94.961
2911,96.9026,93.3962
2912,100.2519,90.4507
2913,92.5364,99.2138
2914,96.4614,92.8304
2915,97.1715,93.3095
2916,103.3799,97.6277
2917,90.0153,86.4898
2918,96.9705,92.6463
2919,96.4214,98.3213
2920,92.6241,90.1738
2921,96.1605,100.4944
2922,93.7008,91.284
2923,100.546,91.0463
2924,98.7283,94.2013
2925,98.1285,88.3879
2926,93.2521,92.8908
2927,100.5558,92.3957
2928,101.7475,92.0326
2929,96.5123,94.7937
2930,95.9332,96.2108
2931,93.5036,89.8359
2932,96.8412,93.3774
2933,96.3584,95.8771
2934,97.5884,93.9135
2935,101.2611,95.3145
2936,97.1737,93.5915
2937,96.9646,90.0151
2938,96.9235,91.3899
2939,97.6056,93.1352
2940,101.0852,90.8641
2941,98.5197,89.4424
2942,96.5678,92.1352
2943,101.6902,92.1282
2944,97.461,88.9331
2945,100.2848,93.4319
2946,99.7398,94.6802
2947,97.0724,95.7124
2948,99.4113,89.555
2949,101.607,97.7894
2950,100.2405,90.9486
2951,95.4691,92.3004
2952,101.0171,95.1743
2953,92.0742,90.1588
2954,96.3031,94.8344
2955,93.8578,95.0536
2956,101.4181,90.7461
2957,99.8797,94.0441
2958,97.0052,95.0246
2959,100.4396,95.521
2960,92.9923,94.356
2961,92.3798,92.3533
2962,99.0226,98.1221
2963,96.6879,90.429
2964,98.5638,97.1782
2965,94.8666,91.0933
2966,100.0134,91.9115
2967,96.585,93.5221
2968,99.7928,92.8271
2969,93.3902,94.8598
2970,104.2254,88.6957
2971,95.2502,91.7179
2972,95.2203,87.1198
2973,94.1484,92.5958
2974,89.7834,92.1802
2975,91.1003,94.9867
2976,98.1111,95.4447
2977,92.2662,92.405
2978,95.121,99.9378
2979,95.22,89.7145
2980,103.6982,87.6372
2981,90.1623,93.8267
2982,104.572,91.4428
2983,100.2892,95.0475
2984,95.6261,93.5118
2985,93.3328,91.9297
2986,93.2927,100.2453
2987,105.421,91.7619
2988,99.0376,96.8158
2989,98.7439,91.9509
2990,92.3169,92.6714
2991,94.9751,95.7548
2992,97.4055,89.4077
2993,97.8101,87.6297
2994,102.1344,92.2111
2995,97.3506,92.1663
2996,94.397,93.7098
2997,95.7587,92.5813
2998,104.0398,93.178
2999,98.9448,91.5142
3000,101.9325,95.9136
3001,107.13,92.8591
3002,94.678,92.5505
3003,93.0965,91.727
3004,96.8396,95.5947
3005,95.6662,90.6258
3006,98.7122,94.8635
3007,93.8881,94.9749
3008,100.5831,91.1545
3009,106.1645,98.5463
3010,99.6529,90.2028
3011,98.076,91.5275
3012,99.0865,91.4773
3013,94.128,94.0324
3014,97.8969,88.2713
3015,86.2591,92.467
3016,102.8326,87.0162
3017,91.7427,97.5768
3018,96.1847,93.9865
3019,100.6591,90.2032
3020,94.591,99.0339
3021,103.7472,94.4208
3022,96.015,93.3633
3023,98.2355,91.5008
3024,105.9829,96.8481
3025,96.9713,87.7737
3026,95.8711,95.9131
3027,100.4299,89.483
3028,97.9253,91.5213
3029,94.5238,93.0135
3030,101.2726,95.4283
3031,92.4931,93.7876
3032,99.8509,95.9772
3033,101.6515,90.3333
3034,98.9649,90.7597
3035,99.0727,94.4478
3036,94.2438,97.9911
3037,93.581,95.418
3038,92.6083,91.4985
3039,103.4703,95.8625
3040,91.9495,96.0415
3041,91.4275,89.4868
3042,97.1375,94.2617
3043,105.0263,94.2124
3044,100.2055,93.0898
3045,104.7524,87.9361
3046,95.9785,91.5205
3047,97.3709,92.4645
3048,97.8829,97.1012
3049,99.8214,90.394
3050,97.2123,93.1244
3051,89.8656,90.6299
3052,92.3296,90.4287
3053,103.7825,93.8779
3054,91.9449,93.3733
3055,99.6043,94.03
3056,96.6806,90.9002
3057,103.9343,95.8441
3058,95.3261,92.4627
3059,100.1577,93.1723
3060,101.2859,91.0045
3061,98.3581,92.5829
3062,94.1735,92.8636
3063,99.8773,93.0067
3064,100.966,88.4317
3065,93.5591,92.5786
3066,100.1388,95.8864
3067,97.9568,93.4902
3068,97.607,94.7957
3069,89.9468,92.3979
3070,96.2241,94.6774
3071,91.3487,92.7942
3072,89.5199,91.8457
3073,88.3957,98.1544
3074,99.9285,95.4121
3075,97.7672,87.3323
3076,95.1644,91.6922
3077,95.1298,91.4722
3078,97.1842,97.1117
3079,99.9447,90.9855
3080,90.4636,94.5536
3081,101.1838,96.0575
3082,104.2246,92.7257
3083,97.6269,88.9651
3084,96.4366,92.331
3085,95.2783,93.3618
3086,95.9288,94.0523
3087,99.6993,96.7389
3088,99.4585,92.0249
3089,88.208,92.7403
3090,90.8436,90.5553
3091,99.9964,93.9354
3092,103.2168,95.3056
3093,94.3197,95.3375
3094,105.3513,96.1602
3095,90.5482,92.8192
3096,101.7325,92.3534
3097,93.7324,94.5257
3098,97.0191,93.7151
3099,99.586,89.7315
3100,101.9111,97.139
3101,96.8027,97.4972
3102,94.3967,88.5348
3103,95.918,92.195
3104,94.3284,93.0527
3105,100.7365,97.7636
3106,95.2824,90.92
3107,90.5254,94.8495
3108,94.827,94.2571
3109,100.225,94.3256
3110,99.8099,94.3946
3111,97.8163,90.2506
3112,102.4851,89.6685
3113,99.269,92.0338
3114,99.6842,89.8304
3115,91.2708,88.0237
3116,96.6376,91.0745
3117,104.651,95.9211
3118,87.4762,93.473
3119,97.1478,95.5592
3120,101.1392,92.8002
3121,100.4139,94.1815
3122,101.5307,93.2613
3123,100.0548,96.2619
3124,92.6411,94.6055
3125,95.3368,91.3823
3126,99.3593,93.5408
3127,99.5585,96.4972
3128,87.1927,88.5442
3129,100.5154,90.3533
3130,100.936,96.0983
3131,104.8579,91.2159
3132,90.0091,92.1673
3133,95.3269,94.6377
3134,88.3674,91.9877
3135,94.1556,94.4684
3136,95.5114,90.4817
3137,106.1033,91.895
3138,100.4437,93.9579
3139,105.4539,96.2646
3140,91.9587,88.9256
3141,99.4642,93.2801
3142,98.2169,88.1922
3143,93.048,90.3528
3144,98.9305,94.4995
3145,99.185,94.3093
3146,92.5512,97.2841
3147,94.2132,95.3949
3148,95.5807,93.4538
3149,95.4288,89.6637
3150,97.4967,94.12
3151,99.297,101.6322
3152,98.7402,93.423
3153,92.1167,94.5054
3154,92.611,91.5131
3155,95.966,91.9434
3156,106.8967,94.3243
3157,93.389,93.0927
3158,97.4818,95.395
3159,95.7053,87.6083
3160,98.0333,94.9685
3161,95.9792,95.5929
3162,96.3851,98.2262
3163,93.8866,96.0647
3164,90.1579,91.3058
3165,97.5026,91.7124
3166,90.2259,93.635
3167,100.9836,94.4193
3168,104.635,94.3152
3169,93.7709,94.5362
3170,101.237,94.6265
3171,100.8622,91.1271
3172,98.0432,94.0624
3173,96.2721,89.6093
3174,92.0646,92.063
3175,91.7063,93.801
3176,92.0542,97.7117
3177,98.6846,95.3261
3178,97.0632,89.6274
3179,96.6132,93.7601
3180,96.1551,95.7075
3181,93.6283,94.9367
3182,101.675,99.0094
3183,96.0968,90.4509
3184,102.0681,90.5483
3185,94.8367,94.3657
3186,95.5576,92.0462
3187,107.3241,90.7073
3188,95.5273,97.5673
3189,101.3466,92.4001
3190,100.1288,91.8271
3191,95.2773,94.0562
3192,101.5165,95.7602
3193,97.5205,89.9518
3194,97.8921,95.0374
3195,94.5925,91.5416
3196,91.4503,91.1453
3197,95.5161,97.1723
3198,95.5326,95.6755
3199,98.502,97.6226
3200,91.6159,94.2837
3201,96.0623,86.7839
3202,94.3739,95.5027
3203,95.9389,91.278
3204,95.2517,90.3603
3205,98.2983,96.433
3206,97.2272,95.1615
3207,99.8642,92.9793
3208,101.3177,95.8315
3209,104.411,96.0311
3210,89.4393,89.5048
3211,94.1012,94.4378
3212,97.3406,92.5301
3213,102.3899,90.167
3214,97.607,93.5692
3215,99.6801,90.0212
3216,93.4855,90.9164
3217,90.5128,93.9506
3218,102.7745,94.5443
3219,94.0479,98.7972
3220,100.9189,88.8733
3221,93.374,87.9231
3222,96.2768,91.0508
3223,95.8715,92.7398
3224,99.347,91.0432
3225,101.4219,95.3966
3226,103.4261,89.6227
3227,102.6076,95.199
3228,100.4765,92.4743
3229,92.809,93.3888
3230,92.2818,91.4283
3231,97.7664,94.0079
3232,102.8094,88.2718
3233,98.0955,93.3842
3234,98.5009,89.9723
3235,99.1751,94.5978
3236,101.8633,93.3084
3237,92.9767,90.6501
3238,93.9608,93.2623
3239,100.5863,98.1682
3240,101.1489,88.5767
3241,101.3336,91.7966
3242,95.2384,93.6803
3243,93.8181,93.9354
3244,98.2571,94.2687
3245,96.5515,90.3802
3246,98.3515,93.5843
3247,101.4207,92.6074
3248,102.0803,90.2527
3249,98.184,97.4379
3250,94.8884,93.1767
3251,91.7979,90.7648
3252,99.5456,88.947
3253,91.1082,101.8155
3254,99.5465,93.5971
3255,94.571,97.982
3256,100.2006,93.9396
3257,90.2781,89.4184
3258,98.3026,94.8386
3259,103.2099,93.5255
3260,93.1998,89.8898
3261,96.3638,96.2766
3262,91.9721,92.0365
3263,98.4658,97.1864
3264,96.6436,87.2105
3265,87.0499,90.3298
3266,100.2966,92.3364
3267,98.8524,90.2673
3268,97.4685,95.572
3269,96.9021,96.3702
3270,98.837,91.1393
3271,103.6197,95.8708
3272,100.7767,93.0568
3273,99.9245,89.5076
3274,98.61,92.2524
3275,96.961,94.8995
3276,101.6901,91.7891
3277,98.0542,92.1561
3278,96.3265,93.1822
3279,97.8406,92.5308
3280,96.2044,95.2418
3281,96.3096,91.7739
3282,93.0243,94.2478
3283,97.6963,90.4513
3284,91.6764,91.4127
3285,99.005,91.1593
3286,97.902,89.6799
3287,93.913,96.3889
3288,97.8597,88.129
3289,93.0274,94.0728
3290,91.7136,92.0706
3291,98.8697,87.5348
3292,93.9852,90.1312
3293,90.4884,94.2743
3294,94.9387,96.62
3295,92.4437,95.8146
3296,94.9319,94.4399
3297,94.9473,90.1218
3298,100.465,97.1648
3299,98.5394,94.2185
3300,92.5025,100.1892
3301,91.5652,95.997
3302,99.3269,89.0438
3303,86.1827,92.5949
3304,92.0814,87.4462
3305,103.3075,90.0957
3306,95.5527,88.9855
3307,99.4416,91.3535
3308,99.0474,94.3712
3309,96.6421,93.0825
3310,95.3857,98.6923
3311,101.7546,92.1062
3312,93.4519,92.7885
3313,99.1735,94.8192
3314,88.9458,90.8867
3315,100.3394,94.8291
3316,99.2175,96.1793
3317,98.563,92.4152
3318,92.8965,93.9748
3319,85.107,94.3997
3320,98.0483,94.9248
3321,98.401,92.639
3322,93.643,99.0497
3323,93.9083,93.5428
3324,93.6799,92.3021
3325,94.3727,92.4879
3326,97.6026,95.0396
3327,95.764,97.6373
3328,98.692,93.4608
3329,96.2904,96.857
3330,91.8763,90.0916
3331,101.0087,92.2389
3332,97.3475,93.3779
3333,97.7562,91.7498
3334,98.5466,91.778
3335,91.438,89.7921
3336,98.244,96.522
3337,101.7112,90.3681
3338,90.3871,89.0027
3339,100.8897,93.1309
3340,101.7734,93.1514
3341,95.0494,94.4988
3342,93.645,87.8159
3343,96.8984,93.9612
3344,98.6636,94.176
3345,95.391,93.9361
3346,97.1717,94.3878
3347,105.0371,88.774
3348,97.99,90.1208
3349,96.5211,91.875
3350,95.8242,90.9235
3351,105.3377,93.2853
3352,93.6582,94.1111
3353,93.0319,93.9611
3354,94.732,88.8576
3355,94.5443,93.3536
3356,98.6669,92.7063
3357,93.4501,94.375
3358,106.851,87.2258
3359,93.8781,99.2252
3360,92.8011,95.4772
3361,89.7211,93.8227
3362,99.884,99.4135
3363,95.3068,94.1172
3364,91.4187,89.2576
3365,95.9235,92.9967
3366,96.3143,91.0515
3367,101.5787,93.4219
3368,102.1902,97.8263
3369,95.699,97.8258
3370,97.3953,90.9107
3371,99.5096,95.9769
3372,94.3784,87.4376
3373,103.5688,95.8886
3374,96.7476,89.3436
3375,94.6692,92.3521
3376,94.8418,91.8995
3377,102.101,93.7986
3378,98.1128,92.2496
3379,101.1451,89.9038
3380,90.9015,97.3382
3381,99.3124,93.5838
3382,95.8019,91.007
3383,94.1992,95.0889
3384,101.2626,90.725
3385,97.1852,90.911
3386,103.2497,92.6358
3387,99.2893,94.0463
3388,94.6371,91.796
3389,98.4247,90.3046
3390,95.2081,89.2708
3391,94.8993,87.8472
3392,98.3413,96.9069
3393,98.9921,91.3214
3394,99.0581,96.2427
3395,92.931,96.1208
3396,102.2504,96.4005
3397,94.1947,87.8154
3398,95.6402,92.0554
3399,94.5717,96.8554
3400,93.3606,90.2568
3401,99.302,94.711
3402,96.4391,97.2686
3403,94.6096,90.5551
3404,92.4425,89.9872
3405,94.5842,91.1051
3406,93.9825,96.8957
3407,98.1664,90.7284
3408,91.6873,94.731
3409,103.3514,95.9639
3410,98.5396,94.2806
3411,96.6818,94.2722
3412,101.5663,88.1648
3413,102.266,94.7037
3414,93.8394,93.3928
3415,92.3788,93.1365
3416,98.8451,93.7136
3417,103.8671,92.2928
3418,94.395,95.8454
3419,94.9227,92.2289
3420,96.3791,98.89
3421,94.0705,96.2065
3422,94.2966,89.8801
3423,94.8117,96.0656
3424,90.6774,90.3618
3425,101.5926,92.4124
3426,98.2516,92.966
3427,101.6853,97.8282
3428,101.2946,91.1002
3429,100.1544,91.9814
3430,100.9591,90.5026
3431,99.0906,98.0643
3432,104.0792,93.6387
3433,101.0303,96.0077
3434,93.9486,95.2012
3435,98.0498,94.1876
3436,94.6626,93.4621
3437,98.7102,89.1141
3438,99.5132,93.2308
3439,92.5427,94.4498
3440,103.8749,98.7208
3441,96.0567,101.5471
3442,87.4093,92.4759
3443,95.9048,93.7468
3444,92.6307,90.5598
3445,92.1228,91.3446
3446,98.9302,92.5486
3447,103.8835,91.4323
3448,102.0356,92.8014
3449,94.2747,89.9541
3450,91.908,94.7105
3451,99.9854,92.9538
3452,93.5813,90.8654
3453,97.0579,91.6954
3454,90.312,90.2127
3455,92.6339,93.646
3456,88.4569,91.4243
3457,96.7369,90.5174
3458,94.0915,91.3206
3459,98.922,90.1882
3460,91.4858,88.6944
3461,96.7671,92.77
3462,92.1097,91.8772
3463,101.1518,95.7935
3464,94.5239,96.0135
3465,102.6817,96.93
3466,91.9393,89.3606
3467,98.4493,94.254
3468,103.5708,92.1943
3469,94.2642,93.644
3470,98.7945,91.4885
3471,96.7275,92.5974
3472,97.4122,91.6724
3473,100.1878,92.0062
3474,96.02,97.285
3475,92.0613,96.0089
3476,100.9218,93.6794
3477,99.8556,96.955
3478,100.8775,95.749
3479,100.2812,92.1848
3480,104.1488,89.6871
3481,106.9297,89.3637
3482,95.3998,94.6966
3483,101.024,95.5502
3484,102.5268,93.7757
3485,97.2084,93.6396
3486,97.6175,95.8246
3487,92.869,92.1995
3488,95.7184,93.5965
3489,95.7509,96.2918
3490,99.9179,89.5714
3491,100.2635,87.1606
3492,87.9634,92.0427
3493,96.6289,90.7484
3494,96.2257,92.6475
3495,94.0637,91.2741
3496,97.1074,89.5485
3497,100.3787,95.5212
3498,91.5126,97.5094
3499,102.1442,92.7884
3500,98.2756,93.6781
3501,106.5874,92.6068
3502,93.4897,92.2084
3503,95.9408,91.6088
3504,98.4133,96.6522
3505,104.6432,96.5975
3506,94.8551,97.1954
3507,95.1007,98.7452
3508,95.0486,90.6326
3509,100.1,92.4689
3510,94.0213,90.8616
3511,99.7154,88.4343
3512,98.2622,93.8739
3513,91.8225,93.4641
3514,94.1745,93.1225
3515,99.0091,89.1635
3516,100.2113,89.7221
3517,93.8456,88.233
3518,99.6569,95.9825
3519,99.065,95.9307
3520,98.958,93.2
3521,95.7597,86.213
3522,105.1986,91.7394
3523,90.7806,92.6997
3524,101.1611,88.2078
3525,103.4279,92.6172
3526,96.6803,91.6631
3527,95.3291,98.7142
3528,96.0994,93.6897
3529,98.1811,93.4383
3530,95.6871,95.0623
3531,89.716,89.9463
3532,94.6125,89.557
3533,109.0819,95.284
3534,102.3483,95.0316
3535,98.2399,100.1805
3536,96.0881,92.0812
3537,96.3318,95.2625
3538,95.7742,94.0319
3539,93.4855,95.8938
3540,97.0773,88.4592
3541,98.4004,92.5086
3542,99.6907,93.7885
3543,93.4046,93.1314
3544,92.846,95.4485
3545,97.9836,90.5272
3546,109.3035,92.4527
3547,99.5976,94.8077
3548,95.986,93.401
3549,97.0902,90.6707
3550,100.9061,94.572
3551,103.4004,95.1493
3552,94.1015,92.2203
3553,98.5303,91.6523
3554,96.4564,94.4484
3555,94.6058,91.3807
3556,94.4638,90.9554
3557,98.8189,88.7076
3558,103.0272,94.3219
3559,88.523,89.3417
3560,95.6861,92.7016
3561,97.3104,95.3994
3562,101.5011,93.4465
3563,95.0854,94.805
3564,98.6692,93.0706
3565,93.1131,90.156
3566,91.3722,93.8721
3567,95.6863,93.4959
3568,97.0082,94.6845
3569,98.61,90.2129
3570,101.7813,99.4509
3571,102.3307,91.5346
3572,100.2814,91.8035
3573,99.9525,94.3175
3574,101.6844,97.1333
3575,103.6319,95.5134
3576,89.4805,93.3945
3577,97.8795,95.0362
3578,100.5957,92.0397
3579,101.359,94.3382
3580,94.2363,96.9622
3581,91.0897,91.6998
3582,98.5663,91.6565
3583,95.5357,89.9833
3584,99.5771,88.6894
3585,90.3268,92.6155
3586,94.193,94.3947
3587,96.3613,97.8102
3588,92.8874,94.9482
3589,95.4623,95.2852
3590,88.8099,93.8561
3591,92.9692,93.8518
3592,96.9215,93.9718
3593,95.4188,95.5737
3594,95.2725,92.7581
3595,91.0861,88.6239
3596,96.9633,95.9454
3597,100.5164,92.1754
3598,100.064,94.8865
3599,99.8764,90.1848
3600,95.3788,96.9611
3601,95.478,95.6199
3602,93.5328,87.4945
3603,92.954,94.404
3604,98.638,89.9076
3605,102.8412,90.9329
3606,96.0574,93.947
3607,98.4828,89.8897
3608,96.1124,96.4713
3609,97.7249,91.8676
3610,91.6826,92.7105
3611,90.1254,85.7092
3612,105.3406,89.8708
3613,92.5048,97.5317
3614,97.6368,94.1451
3615,91.7072,93.9358
3616,98.5671,96.3459
3617,95.5579,92.6544
3618,99.9563,93.3043
3619,99.7259,94.3451
3620,103.8075,93.5679
3621,97.4442,94.8813
3622,99.3585,93.4761
3623,97.511,95.2625
3624,95.2874,90.2431
3625,100.9331,90.6922
3626,101.6512,92.4499
3627,87.2464,93.993
3628,94.2452,92.6135
3629,90.3197,98.7414
3630,92.8367,91.6864
3631,105.2922,90.041
3632,92.4702,93.6022
3633,97.935,92.7456
3634,97.7713,90.4185
3635,99.4234,95.0438
3636,101.8606,95.3516
3637,95.3361,90.6992
3638,88.9774,89.7286
3639,94.1814,89.0645
3640,98.0956,91.1115
3641,97.7467,89.6535
3642,95.0277,91.1199
3643,102.6747,96.66
3644,98.8823,93.6123
3645,96.7023,95.9014
3646,97.574,97.9158
3647,99.1654,92.3052
3648,100.7176,94.0851
3649,101.263,90.3164
3650,103.1841,90.2974
3651,103.7794,94.339
3652,94.1865,91.8115
3653,92.4737,93.3955
3654,101.8383,94.0759
3655,92.3905,91.2738
3656,102.0182,88.6767
3657,95.8507,91.4423
3658,93.9232,96.6143
3659,92.6612,92.3822
3660,89.4194,95.5559
3661,99.9804,96.3061
3662,100.1967,89.3376
3663,102.1665,94.9715
3664,96.5506,93.6572
3665,98.5758,99.5388
3666,99.0844,94.9586
3667,92.0236,96.4091
3668,92.2483,91.197
3669,99.7165,91.5891
3670,100.3762,97.3042
3671,94.7472,90.1041
3672,93.0654,91.7097
3673,94.558,93.942
3674,94.5606,94.1551
3675,98.9918,89.4512
3676,98.5413,97.0353
3677,97.193,91.1859
3678,100.8549,87.8302
3679,96.4662,93.5289
3680,90.8719,89.2287
3681,103.3252,98.0438
3682,95.2823,95.084
3683,98.4193,93.02
3684,95.8413,90.5501
3685,90.5843,90.8743
3686,100.4161,94.2255
3687,95.6217,93.0845
3688,98.5633,91.6681
3689,94.1362,88.5613
3690,97.4807,88.2737
3691,99.3249,93.1497
3692,93.5106,90.3697
3693,96.3938,91.7709
3694,101.8117,95.5152
3695,97.5869,92.7095
3696,103.3808,95.6785
3697,101.0553,92.8508
3698,87.1474,94.0748
3699,92.9824,94.8369
3700,98.8742,95.4766
3701,103.6472,86.2938
3702,97.3762,93.1944
3703,96.3073,94.6513
3704,96.4688,97.2478
3705,95.0874,92.55
3706,92.8507,89.2925
3707,97.9976,96.4589
3708,92.2463,94.1225
3709,96.7872,91.914
3710,97.0267,96.7113
3711,104.9651,94.0588
3712,94.787,93.2552
3713,99.4273,93.6078
3714,94.1118,93.4818
3715,97.4657,95.1385
3716,92.8384,93.6588
3717,94.0914,96.7612
3718,98.2292,96.6917
3719,93.1057,95.485
3720,98.54,95.0824
3721,103.0336,93.4129
3722,100.8967,95.4236
3723,103.6554,91.2707
3724,98.1959,90.5522
3725,93.066,93.1793
3726,95.4659,93.471
3727,95.4883,91.5241
3728,104.4199,99.6197
3729,100.9864,94.2776
3730,95.8959,91.7697
3731,96.8198,90.0037
3732,95.3855,90.4285
3733,98.4216,96.5298
3734,96.3382,94.7552
3735,100.7592,89.4689
3736,101.2096,90.6547
3737,96.246,91.8494
3738,102.6907,92.2766
3739,102.4353,87.1258
3740,97.4745,91.9764
3741,94.166,94.8678
3742,95.3655,94.5951
3743,94.205,90.9072
3744,102.2233,92.8238
3745,93.4751,90.5587
3746,102.9998,96.9867
3747,92.9829,97.7411
3748,101.9753,91.1586
3749,97.7815,90.9762
3750,86.8865,88.659
3751,93.4889,88.669
3752,92.9585,92.2677
3753,105.9591,93.1381
3754,96.1473,91.308
3755,96.0533,93.2506
3756,94.7804,98.6804
3757,102.4559,94.5316
3758,97.2423,92.1531
3759,95.9483,91.9739
3760,97.1197,94.1888
3761,95.5173,88.5161
3762,84.387,93.0805
3763,98.0839,91.5711
3764,97.3993,92.8393
3765,104.1595,94.9546
3766,95.3487,92.7196
3767,92.0167,92.0125
3768,101.401,96.844
3769,99.8993,100.9685
3770,92.7241,88.6607
3771,93.2437,95.3906
3772,103.1218,90.7452
3773,99.5867,91.9792
3774,98.0141,93.3632
3775,102.9113,93.081
3776,97.6001,94.9809
3777,95.2019,91.7203
3778,96.9666,91.0488
3779,92.2422,95.5995
3780,97.2778,96.924
3781,96.2162,93.7923
3782,90.4154,94.5797
3783,99.0047,93.0361
3784,93.2659,90.1613
3785,101.7605,89.4101
3786,89.4855,93.6433
3787,104.5499,97.0578
3788,100.9471,90.9502
3789,91.8664,85.2239
3790,92.9421,95.1188
3791,94.4775,97.7089
3792,102.1513,90.3782
3793,96.5594,98.435
3794,99.6311,85.2811
3795,97.419,90.3595
3796,97.4184,92.2421
3797,93.9972,91.7098
3798,96.5171,92.5687
3799,92.8332,93.2342
3800,91.9549,94.562
3801,93.8149,91.1955
3802,103.4281,91.6006
3803,99.9086,94.9916
3804,99.8113,96.2559
3805,93.1292,92.8913
3806,97.7576,93.5654
3807,106.8655,99.8863
3808,103.4991,92.7085
3809,88.4845,88.2526
3810,95.9043,92.1783
3811,96.5805,94.854
3812,95.0722,94.6313
3813,96.6753,94.3405
3814,97.067,97.0019
3815,95.1642,94.2961
3816,100.455,93.137
3817,96.0231,94.8145
3818,102.1171,97.4166
3819,97.7481,90.748
3820,90.4138,96.1687
3821,93.9354,90.4209
3822,95.1237,88.418
3823,92.9867,92.7374
3824,99.4639,91.3906
3825,95.0849,98.9618
3826,93.5388,93.1612
3827,94.2092,91.0699
3828,100.7373,95.3184
3829,97.8765,92.788
3830,96.1806,96.3074
3831,100.1714,91.8249
3832,97.9294,93.2092
3833,100.4217,86.9053
3834,96.0245,94.6475
3835,97.8341,92.2073
3836,95.0887,90.8134
3837,98.5579,92.578
3838,91.7116,96.1026
3839,100.6959,91.9084
3840,96.683,89.3262
3841,103.6704,95.1655
3842,102.6943,91.5774
3843,100.4359,91.1322
3844,96.7287,93.5845
3845,89.176,98.8513
3846,98.0967,91.913
3847,94.595,92.3975
3848,86.5898,90.6246
3849,90.3911,91.6425
3850,103.6431,92.4277
3851,101.5447,91.815
3852,95.8666,94.0255
3853,96.8595,93.4106
3854,100.4239,95.8872
3855,93.7424,93.6654
3856,94.8849,93.5385
3857,100.3509,89.6432
3858,93.0644,92.7187
3859,101.2773,93.9119
3860,96.8773,89.976
3861,100.0541,94.4796
3862,103.5226,94.3716
3863,97.4119,99.8355
3864,109.0858,91.9703
3865,94.7424,91.8645
3866,95.5651,87.0711
3867,99.5125,95.612
3868,94.7406,94.182
3869,101.9924,90.0159
3870,97.3963,95.983
3871,95.5894,93.4422
3872,100.7625,92.5346
3873,97.4696,95.3991
3874,96.3815,94.1975
3875,94.8569,93.2433
3876,96.2806,93.5881
3877,98.2739,90.6015
3878,89.767,92.4319
3879,105.5822,96.4009
3880,93.6472,90.196
3881,97.7416,91.6409
3882,99.1238,94.9065
3883,93.9752,92.2488
3884,96.4658,98.5261
3885,98.1213,91.8598
3886,96.7258,89.909
3887,99.7126,88.8519
3888,89.0481,91.5365
3889,97.6782,90.2966
3890,99.6783,93.0029
3891,97.7244,96.6168
3892,95.2636,93.9596
3893,94.7176,92.0579
3894,101.16,100.4523
3895,95.3371,92.1
3896,100.4725,97.5366
3897,99.2207,85.7115
3898,98.2948,88.4662
3899,99.4456,88.6311
3900,95.2258,95.4947
3901,99.7657,92.0006
3902,91.6774,93.3923
3903,102.091,96.5801
3904,100.8851,92.7275
3905,96.5985,94.5925
3906,98.1287,92.1193
3907,94.4336,94.846
3908,98.6831,93.0486
3909,98.0396,89.3371
3910,96.5229,99.4185
3911,102.1425,93.0606
3912,101.9273,92.7556
3913,91.3721,87.4624
3914,93.7678,92.1736
3915,99.4996,91.9668
3916,96.4107,95.6819
3917,92.4879,89.7393
3918,97.9021,92.3099
3919,94.7781,90.7966
3920,99.7457,99.6376
3921,102.2205,88.6265
3922,87.856,91.6029
3923,108.5866,87.6906
3924,93.5153,93.796
3925,99.8144,95.7849
3926,96.919,96.0333
3927,92.3785,94.8089
3928,98.1171,92.7176
3929,102.9881,92.4791
3930,101.1045,99.8675
3931,96.4359,90.4886
3932,86.449,92.4349
3933,99.3775,93.0305
3934,97.6319,89.0866
3935,93.3573,91.4483
3936,97.4463,91.8915
3937,86.774,89.0788
3938,99.2929,93.8605
3939,95.0074,90.1871
3940,97.1723,90.0517
3941,100.1563,95.4108
3942,95.262,93.4195
3943,95.557,95.0936
3944,94.9815,89.546
3945,88.6855,92.7781
3946,93.4208,98.345
3947,99.4736,90.8125
3948,102.8351,90.5005
3949,95.5304,93.6894
3950,98.8551,88.0139
3951,98.7509,93.7546
3952,93.2519,96.0033
3953,94.4429,98.2291
3954,99.1434,94.3679
3955,101.752,94.5621
3956,96.1846,92.5929
3957,95.2487,89.6334
3958,99.7348,93.4768
3959,104.0662,91.5229
3960,97.4247,91.0437
3961,95.8295,89.3873
3962,94.6918,90.1662
3963,96.2902,90.6255
3964,98.7849,93.0113
3965,90.4137,88.9938
3966,98.7261,90.1984
3967,95.11,92.3092
3968,96.6562,92.9478
3969,97.5332,88.5773
3970,94.3601,93.3251
3971,101.3657,89.0326
3972,96.3189,95.1248
3973,98.7498,93.8871
3974,96.2781,93.9088
3975,101.2851,87.1345
3976,111.7877,90.8319
3977,94.3471,90.4239
3978,103.8668,95.0964
3979,99.8387,92.9
3980,96.7367,92.7543
3981,94.6055,100.266
3982,99.1515,94.253
3983,92.3935,88.3814
3984,107.3803,96.7573
3985,98.1614,95.7447
3986,102.7304,93.7815
3987,102.8987,96.4373
3988,102.985,87.1218
3989,96.7026,90.9345
3990,92.9742,92.2355
3991,99.2985,92.093
3992,98.1095,91.2022
3993,89.4963,97.296
3994,91.8991,93.5797
3995,94.5424,92.1768
3996,92.0111,90.7177
3997,92.3415,94.38
3998,90.9838,89.233
3999,93.6662,95.9427
4000,98.3401,87.2943
