DATE,EXECUTION,CLOSE_AJUSTE,CLOSE_REEL,VAL_120,S_120,ECART_S,TAUX_120,TAUX_20,SOUS_BAS,AU_DESSUS,SEUIL_FRANCHI,SIGNAL
2022-01-07,2022-01-10,107.1354,142.5972,103.7361,3.0495,1.1147,0.0347,0.1582,non,oui,oui,au-dessus du bord haut
2022-01-14,2022-01-17,105.9712,141.0477,104.6009,3.0762,0.4454,0.0449,0.2772,non,non,oui,dans la bande
2022-01-21,2022-01-24,106.2862,141.467,105.1773,3.0906,0.3588,0.0499,0.0842,non,non,oui,dans la bande
2022-01-28,2022-01-31,103.5469,137.8209,105.4297,3.0634,-0.6146,0.0522,-0.191,non,non,oui,dans la bande
2022-02-04,2022-02-07,100.8486,134.2295,105.6953,2.9895,-1.6212,0.0562,-0.2439,oui,non,oui,"sous le bord bas, pente courte négative"
2022-02-11,2022-02-14,98.3969,130.9663,105.3964,3.0885,-2.2663,0.0535,-0.3719,oui,non,oui,"sous le bord bas, pente courte négative"
2022-02-18,2022-02-21,103.2319,137.4016,105.3575,3.0732,-0.6917,0.0552,-0.2326,non,non,oui,dans la bande
2022-02-25,2022-02-28,101.3554,134.9041,105.2123,3.098,-1.245,0.0546,-0.1387,oui,non,oui,"sous le bord bas, pente courte négative"
2022-03-04,2022-03-07,98.0956,130.5652,104.9686,3.1833,-2.1591,0.0507,0.0528,oui,non,oui,candidate à l'achat
2022-03-11,2022-03-14,98.4517,131.0392,103.9485,3.523,-1.5602,0.0348,-0.1696,oui,non,oui,"sous le bord bas, pente courte négative"
2022-03-18,2022-03-21,104.4646,139.0423,103.6332,3.4297,0.2424,0.0247,0.0852,non,non,oui,dans la bande
2022-03-25,2022-03-28,108.0668,143.8369,103.6152,3.276,1.3588,0.0173,0.4046,non,oui,oui,au-dessus du bord haut
2022-04-01,2022-04-04,109.1625,145.2953,104.085,3.234,1.5701,0.0163,0.7243,non,oui,oui,au-dessus du bord haut
2022-04-08,2022-04-11,111.0938,147.8658,104.8153,3.3505,1.8739,0.0198,0.4787,non,oui,oui,au-dessus du bord haut
2022-04-14,2022-04-19,111.5594,148.4856,105.4727,3.4666,1.7558,0.0233,0.372,non,oui,oui,au-dessus du bord haut
2022-04-22,2022-04-25,109.7104,146.0245,106.0153,3.5345,1.0454,0.0262,0.1451,non,oui,oui,au-dessus du bord haut
2022-04-29,2022-05-02,113.2304,150.7097,106.9957,3.6699,1.6989,0.0364,0.0849,non,oui,oui,au-dessus du bord haut
2022-05-06,2022-05-09,110.135,146.5897,108.0508,3.7499,0.5558,0.0481,0.0482,non,non,oui,dans la bande
2022-05-13,2022-05-16,111.217,148.0299,108.5668,3.7234,0.7118,0.0535,-0.0843,non,non,oui,dans la bande
2022-05-20,2022-05-23,111.6493,148.6053,109.3552,3.7745,0.6078,0.0587,0.0147,non,non,oui,dans la bande
2022-05-27,2022-05-30,115.5123,153.7469,110.3316,3.7964,1.3647,0.0671,0.1527,non,oui,oui,au-dessus du bord haut
2022-06-03,2022-06-06,112.8208,150.1645,111.4268,3.7403,0.3727,0.0792,0.2578,non,non,oui,dans la bande
2022-06-10,2022-06-13,106.707,129.1154,111.852,3.7465,-1.3733,0.0812,-0.1093,oui,non,oui,"sous le bord bas, pente courte négative"
2022-06-17,2022-06-20,99.2516,120.0944,111.0245,4.1419,-2.8424,0.069,-0.621,oui,non,oui,"sous le bord bas, pente courte négative"
2022-06-24,2022-06-27,103.4702,125.1989,109.9984,4.5756,-1.4267,0.0573,-0.8588,oui,non,oui,"sous le bord bas, pente courte négative"
2022-07-01,2022-07-04,97.3647,117.8113,109.1304,4.8809,-2.4106,0.0483,-0.6571,oui,non,oui,"sous le bord bas, pente courte négative"
2022-07-08,2022-07-11,98.5306,119.222,107.713,5.3835,-1.7057,0.032,-0.3488,oui,non,oui,"sous le bord bas, pente courte négative"
2022-07-15,2022-07-18,97.4261,117.8856,106.3009,5.7416,-1.5457,0.0149,-0.2436,oui,non,oui,"sous le bord bas, pente courte négative"
2022-07-22,2022-07-25,99.2056,120.0388,105.1308,5.9245,-1.0001,0.0001,-0.121,oui,non,oui,"sous le bord bas, pente courte négative"
2022-07-29,2022-08-01,102.8719,124.475,104.0094,5.9091,-0.1925,-0.0175,0.2384,non,non,oui,dans la bande
2022-08-05,2022-08-08,102.2736,123.7511,103.0047,5.7162,-0.1279,-0.0351,0.3198,non,non,oui,dans la bande
2022-08-12,2022-08-15,104.1605,126.0342,102.4212,5.5751,0.312,-0.0456,0.3277,non,non,oui,dans la bande
2022-08-19,2022-08-22,104.6974,126.6838,101.9472,5.3797,0.5112,-0.0554,0.283,non,non,oui,dans la bande
2022-08-26,2022-08-29,99.4357,120.3172,100.5567,4.7847,-0.2343,-0.0793,-0.0363,non,non,oui,dans la bande
2022-09-02,2022-09-05,95.8154,115.9366,98.6536,4.2372,-0.6698,-0.1073,-0.4681,non,non,oui,dans la bande
2022-09-09,2022-09-12,94.22,114.0062,96.6849,3.9464,-0.6246,-0.1322,-0.7146,non,non,oui,dans la bande
2022-09-16,2022-09-19,93.4223,113.041,95.3884,3.8272,-0.5137,-0.1447,-0.4215,non,non,oui,dans la bande
2022-09-23,2022-09-26,90.5997,109.6256,93.832,3.7962,-0.8515,-0.1588,-0.2915,non,non,oui,dans la bande
2022-09-30,2022-10-03,90.1702,109.1059,92.2567,3.8201,-0.5462,-0.1715,-0.32,non,non,oui,dans la bande
2022-10-07,2022-10-10,90.2008,109.143,91.2425,3.803,-0.2739,-0.1767,-0.2427,non,non,oui,dans la bande
2022-10-14,2022-10-17,90.9985,110.1082,90.1954,3.7808,0.2124,-0.1812,-0.0448,non,non,oui,dans la bande
2022-10-21,2022-10-24,93.5757,113.2266,89.7778,3.8313,0.9913,-0.1764,0.1581,non,non,oui,dans la bande
2022-10-28,2022-10-31,102.335,123.8253,90.5247,4.3983,2.6852,-0.1587,0.5785,non,oui,oui,au-dessus du bord haut
2022-11-04,2022-11-07,101.9515,123.3613,91.734,4.7764,2.1392,-0.1311,0.7959,non,oui,oui,au-dessus du bord haut
2022-11-11,2022-11-14,103.6082,125.366,93.6021,5.0659,1.9752,-0.0931,0.6641,non,oui,oui,au-dessus du bord haut
2022-11-18,2022-11-21,104.8048,126.8138,95.7347,5.0689,1.7894,-0.0511,0.3082,non,oui,oui,au-dessus du bord haut
2022-11-25,2022-11-28,108.5325,131.3243,98.0533,5.0275,2.0844,-0.0089,0.3533,non,oui,oui,au-dessus du bord haut
2022-12-02,2022-12-05,107.7655,130.3962,99.8053,5.1917,1.5332,0.018,0.237,non,oui,oui,au-dessus du bord haut
2022-12-09,2022-12-12,104.9582,126.9994,101.1326,5.2812,0.7244,0.0362,0.0927,non,non,oui,dans la bande
2022-12-16,2022-12-19,101.8288,123.2128,102.0975,5.2378,-0.0513,0.0498,-0.1507,non,non,oui,dans la bande
2022-12-23,2022-12-27,102.5498,124.0852,102.4872,5.2257,0.012,0.0523,-0.2903,non,non,oui,dans la bande
2022-12-30,2023-01-02,101.5526,122.8787,102.7281,5.2204,-0.2252,0.0533,-0.2852,non,non,oui,dans la bande
2023-01-06,2023-01-09,108.3637,131.1201,103.5441,5.2355,0.9206,0.0619,0.0423,non,non,oui,dans la bande
2023-01-13,2023-01-16,109.0694,131.974,105.0851,5.2821,0.7543,0.0805,0.4496,non,non,oui,dans la bande
2023-01-20,2023-01-23,111.0943,134.4241,106.9379,5.1696,0.804,0.105,0.5342,non,non,oui,dans la bande
2023-01-27,2023-01-30,113.7175,137.5982,108.9726,4.8666,0.975,0.1323,0.3955,non,non,oui,dans la bande
2023-02-03,2023-02-06,111.4625,134.8696,111.0745,4.1881,0.0926,0.1614,0.1627,non,non,oui,dans la bande
2023-02-10,2023-02-13,109.1614,132.0853,112.6352,3.5595,-0.9759,0.1804,0.006,non,non,oui,dans la bande
2023-02-17,2023-02-20,114.6072,138.6747,113.9724,3.2803,0.1935,0.1909,0.0161,non,non,oui,dans la bande
2023-02-24,2023-02-27,113.3186,137.1156,115.2549,3.2192,-0.6015,0.196,0.1565,non,non,oui,dans la bande
2023-03-03,2023-03-06,115.3282,139.5471,116.4795,3.121,-0.3689,0.2007,0.2612,non,non,oui,dans la bande
2023-03-10,2023-03-13,114.1777,138.155,117.1428,3.1464,-0.9424,0.1947,0.1125,non,non,oui,dans la bande
2023-03-17,2023-03-20,112.9198,136.6329,117.1914,3.143,-1.3591,0.178,-0.0909,oui,non,oui,"sous le bord bas, pente courte négative"
2023-03-24,2023-03-27,114.7453,138.8418,117.4937,3.0777,-0.893,0.1658,-0.0095,non,non,oui,dans la bande
2023-03-31,2023-04-03,118.2736,143.111,117.5376,2.7291,0.2697,0.148,0.1288,non,non,oui,dans la bande
2023-04-06,2023-04-11,121.2189,146.6749,117.8568,2.3783,1.4137,0.1375,0.2913,non,oui,oui,au-dessus du bord haut
2023-04-14,2023-04-17,121.541,147.0646,118.6226,2.2614,1.2905,0.1351,0.3833,non,oui,oui,au-dessus du bord haut
2023-04-21,2023-04-24,124.9466,151.1854,120.1697,2.4364,1.9607,0.1433,0.4692,non,oui,oui,au-dessus du bord haut
2023-04-28,2023-05-02,125.1613,151.4452,121.6011,2.5483,1.3971,0.1491,0.3462,non,oui,oui,au-dessus du bord haut
2023-05-05,2023-05-08,125.3301,151.6494,122.7874,2.5429,0.9999,0.1557,0.2054,non,non,oui,dans la bande
2023-05-12,2023-05-15,125.5602,151.9278,124.1457,2.5049,0.5647,0.162,0.0931,non,non,oui,dans la bande
2023-05-19,2023-05-22,127.2551,153.9787,125.6128,2.2721,0.7228,0.1714,0.0485,non,non,oui,dans la bande
2023-05-26,2023-05-29,124.4588,150.5952,126.6905,2.1261,-1.0497,0.1753,-0.0073,oui,non,oui,"sous le bord bas, pente courte négative"
2023-06-02,2023-06-05,124.4901,150.633,127.3757,2.1595,-1.3363,0.173,-0.0706,oui,non,oui,"sous le bord bas, pente courte négative"
2023-06-09,2023-06-12,122.3187,148.0056,127.5298,2.3319,-2.2347,0.1626,-0.1431,oui,non,oui,"sous le bord bas, pente courte négative"
2023-06-16,2023-06-19,131.1762,158.7232,127.8727,2.353,1.404,0.1525,0.0408,non,oui,oui,au-dessus du bord haut
2023-06-23,2023-06-26,123.8652,149.8769,127.9114,2.2246,-1.8188,0.1385,0.1155,oui,non,oui,candidate à l'achat
2023-06-30,2023-07-03,128.2549,155.1885,128.336,2.2267,-0.0364,0.1324,0.1843,non,non,oui,dans la bande
2023-07-07,2023-07-10,120.8971,146.2855,128.4859,2.456,-3.0899,0.1254,-0.0296,oui,non,oui,"sous le bord bas, pente courte négative"
2023-07-14,2023-07-17,125.6461,152.0318,128.3804,2.6644,-1.0263,0.1159,-0.1147,oui,non,oui,"sous le bord bas, pente courte négative"
2023-07-21,2023-07-24,125.6617,152.0507,128.4894,2.7716,-1.0202,0.1101,-0.0979,oui,non,oui,"sous le bord bas, pente courte négative"
2023-07-28,2023-07-31,127.8644,154.7159,128.5127,2.8099,-0.2307,0.1015,0.0631,non,non,oui,dans la bande
2023-08-04,2023-08-07,124.2089,150.2928,128.2779,2.7992,-1.4536,0.0895,0.1027,oui,non,oui,candidate à l'achat
2023-08-11,2023-08-14,126.2397,152.7501,128.2598,2.8315,-0.7134,0.0825,0.0411,non,non,oui,dans la bande
2023-08-18,2023-08-21,125.4743,151.8238,128.2186,2.8357,-0.9678,0.0752,0.0176,non,non,oui,dans la bande
2023-08-25,2023-08-28,127.1927,153.9031,128.0894,2.7979,-0.3205,0.0666,0.0467,non,non,oui,dans la bande
2023-09-01,2023-09-04,130.6138,158.0427,128.3633,2.6418,0.8519,0.0611,0.2025,non,non,oui,dans la bande
2023-09-08,2023-09-11,129.2547,156.3982,128.3483,2.3624,0.3837,0.0522,0.1885,non,non,oui,dans la bande
2023-09-15,2023-09-18,131.2699,158.8366,128.3928,2.0649,1.3934,0.0445,0.1533,non,oui,oui,au-dessus du bord haut
2023-09-22,2023-09-25,125.3962,151.7293,128.0254,1.8553,-1.4172,0.0343,-0.1209,oui,non,oui,"sous le bord bas, pente courte négative"
2023-09-29,2023-10-02,124.8494,151.0678,127.508,1.9095,-1.3923,0.0254,-0.2448,oui,non,oui,"sous le bord bas, pente courte négative"
2023-10-06,2023-10-09,123.2872,149.1775,126.8065,2.1188,-1.661,0.0164,-0.3611,oui,non,oui,"sous le bord bas, pente courte négative"
2023-10-13,2023-10-16,126.0367,152.5044,126.8394,2.1371,-0.3756,0.0159,-0.0624,non,non,oui,dans la bande
2023-10-20,2023-10-23,119.2099,144.244,126.3297,2.307,-3.0862,0.0102,-0.0279,oui,non,oui,"sous le bord bas, pente courte négative"
2023-10-27,2023-10-30,125.1618,151.4458,125.7531,2.4762,-0.2388,0.0041,-0.0563,non,non,oui,dans la bande
2023-11-03,2023-11-06,127.4582,154.2244,126.0035,2.4906,0.5841,0.0067,0.0371,non,non,oui,dans la bande
2023-11-10,2023-11-13,130.1295,157.4568,126.3981,2.5288,1.4756,0.0098,0.3389,non,oui,oui,au-dessus du bord haut
2023-11-17,2023-11-20,132.9883,160.9159,127.2365,2.7208,2.114,0.0166,0.489,non,oui,oui,au-dessus du bord haut
2023-11-24,2023-11-27,135.6441,164.1293,128.3402,3.0366,2.4052,0.0246,0.4091,non,oui,oui,au-dessus du bord haut
2023-12-01,2023-12-04,135.2847,163.6945,129.7488,3.2727,1.6916,0.0377,0.3679,non,oui,oui,au-dessus du bord haut
2023-12-08,2023-12-11,136.9407,165.6982,131.0483,3.4388,1.7135,0.049,0.1982,non,oui,oui,au-dessus du bord haut
2023-12-15,2023-12-18,137.4562,166.322,132.7294,3.6128,1.3083,0.0645,0.1597,non,oui,oui,au-dessus du bord haut
2023-12-22,2023-12-27,138.5341,167.6262,134.1133,3.6545,1.2097,0.075,0.133,non,oui,oui,au-dessus du bord haut
2023-12-29,2024-01-02,137.5655,166.4543,134.7287,3.6891,0.769,0.0778,0.1128,non,non,oui,dans la bande
2024-01-05,2024-01-08,133.3164,161.3129,135.2225,3.6763,-0.5185,0.0798,-0.0789,non,non,oui,dans la bande
2024-01-12,2024-01-15,137.1906,166.0006,135.7695,3.6625,0.388,0.0815,-0.1815,non,non,oui,dans la bande
2024-01-19,2024-01-22,135.1441,163.5244,136.6018,3.5934,-0.4056,0.0866,-0.0922,non,non,oui,dans la bande
2024-01-26,2024-01-29,133.9413,162.0689,136.7834,3.6332,-0.7823,0.0835,-0.0325,non,non,oui,dans la bande
2024-02-02,2024-02-05,133.8007,161.8988,137.1847,3.6219,-0.9343,0.0839,-0.0199,non,non,oui,dans la bande
2024-02-09,2024-02-12,130.8169,158.2885,136.9594,3.7745,-1.6274,0.0774,-0.1819,oui,non,oui,"sous le bord bas, pente courte négative"
2024-02-16,2024-02-19,133.6445,161.7098,136.9028,3.852,-0.8459,0.0742,-0.1172,non,non,oui,dans la bande
2024-02-23,2024-02-26,148.0165,179.1,138.7649,4.0009,2.3124,0.0904,0.3863,non,oui,oui,au-dessus du bord haut
2024-03-01,2024-03-04,146.0169,176.6805,141.0512,4.1429,1.1986,0.1094,0.7941,non,oui,oui,au-dessus du bord haut
2024-03-08,2024-03-11,151.2659,183.0317,143.528,4.2263,1.8309,0.1292,0.7693,non,oui,oui,au-dessus du bord haut
2024-03-15,2024-03-18,152.4218,184.4304,145.821,4.4371,1.4876,0.1431,0.3873,non,oui,oui,au-dessus du bord haut
2024-03-22,2024-03-25,148.782,180.0262,147.5983,4.5332,0.2611,0.1496,0.1813,non,non,oui,dans la bande
2024-03-28,2024-04-02,150.6254,182.2567,148.6362,4.5473,0.4374,0.1501,0.08,non,non,oui,dans la bande
2024-04-05,2024-04-08,146.4543,177.2097,149.5285,4.5325,-0.6782,0.1515,-0.1235,non,non,oui,dans la bande
2024-04-12,2024-04-15,146.3606,177.0963,149.8171,4.5197,-0.7648,0.1419,-0.2361,non,non,oui,dans la bande
2024-04-19,2024-04-22,146.6574,177.4555,149.6854,4.4427,-0.6816,0.1273,-0.1933,non,non,oui,dans la bande
2024-04-26,2024-04-29,144.6422,175.017,149.6783,4.5033,-1.1183,0.117,-0.1467,oui,non,oui,"sous le bord bas, pente courte négative"
2024-05-03,2024-05-06,141.0804,170.7073,149.1872,4.6583,-1.7403,0.1049,-0.1619,oui,non,oui,"sous le bord bas, pente courte négative"
2024-05-10,2024-05-13,145.7826,176.397,149.0684,4.754,-0.6912,0.0964,-0.1051,non,non,oui,dans la bande
2024-05-17,2024-05-20,145.0015,175.4518,149.1538,4.8169,-0.862,0.0916,-0.0232,non,non,oui,dans la bande
2024-05-24,2024-05-27,144.8425,175.2595,149.3477,4.8654,-0.926,0.0887,0.1075,non,non,oui,dans la bande
2024-05-31,2024-06-03,143.4278,173.5477,149.1136,4.9948,-1.1383,0.0816,-0.0297,oui,non,oui,"sous le bord bas, pente courte négative"
2024-06-07,2024-06-10,148.8483,180.1064,149.4706,4.9958,-0.1246,0.0814,0.0217,non,non,oui,dans la bande
2024-06-14,2024-06-17,139.2536,153.1789,149.347,5.1313,-1.967,0.0766,-0.0394,oui,non,oui,"sous le bord bas, pente courte négative"
2024-06-21,2024-06-24,142.401,156.6411,148.7418,5.3426,-1.1868,0.0674,-0.1176,oui,non,oui,"sous le bord bas, pente courte négative"
2024-06-28,2024-07-01,141.0021,155.1023,148.0232,5.3793,-1.3052,0.054,-0.1654,oui,non,oui,"sous le bord bas, pente courte négative"
2024-07-05,2024-07-08,142.908,157.1988,147.3322,5.414,-0.8172,0.0424,-0.0452,non,non,oui,dans la bande
2024-07-12,2024-07-15,145.2161,159.7377,146.4216,5.352,-0.2252,0.028,0.0371,non,non,oui,dans la bande
2024-07-19,2024-07-22,142.5408,156.7949,145.4525,5.1312,-0.5674,0.0124,-0.0165,non,non,oui,dans la bande
2024-07-26,2024-07-29,146.2827,160.911,144.6473,4.6773,0.3496,-0.0023,0.0942,non,non,oui,dans la bande
2024-08-02,2024-08-05,142.9255,157.2181,143.5647,3.601,-0.1775,-0.0214,0.1329,non,non,oui,dans la bande
2024-08-09,2024-08-12,143.0304,157.3335,142.2026,2.2675,0.3651,-0.0404,-0.0247,non,non,oui,dans la bande
2024-08-16,2024-08-19,145.0238,159.5261,141.9096,2.2146,1.4062,-0.0421,-0.0965,non,oui,oui,au-dessus du bord haut
2024-08-23,2024-08-26,145.0587,159.5646,141.914,2.2486,1.3985,-0.0408,-0.0096,non,oui,oui,au-dessus du bord haut
2024-08-30,2024-09-02,147.5067,162.2574,142.5179,2.3725,2.1028,-0.0318,0.1927,non,oui,oui,au-dessus du bord haut
2024-09-06,2024-09-09,141.9463,156.141,143.1589,2.2881,-0.5299,-0.0212,0.1076,non,non,oui,dans la bande
2024-09-13,2024-09-16,148.8181,163.6999,144.0625,2.2768,2.0887,-0.0093,0.104,non,oui,oui,au-dessus du bord haut
2024-09-20,2024-09-23,146.6324,161.2957,144.994,2.1844,0.7501,0.0024,0.0855,non,non,oui,dans la bande
2024-09-27,2024-09-30,154.0287,169.4316,146.2237,2.4528,3.1822,0.0144,0.2279,non,oui,oui,au-dessus du bord haut
2024-10-04,2024-10-07,146.5275,161.1802,146.8965,2.4666,-0.1496,0.0209,0.0855,non,non,oui,dans la bande
2024-10-11,2024-10-14,149.3077,164.2384,147.4729,2.3638,0.7762,0.0266,-0.0296,non,non,oui,dans la bande
2024-10-18,2024-10-21,151.8431,167.0274,148.1788,2.4208,1.5136,0.031,-0.024,non,oui,oui,au-dessus du bord haut
2024-10-25,2024-10-28,146.3876,161.0264,148.5278,2.3915,-0.8949,0.0333,0.0026,non,non,oui,dans la bande
2024-11-01,2024-11-04,145.391,159.9301,148.5752,2.4123,-1.32,0.0334,-0.1157,oui,non,oui,"sous le bord bas, pente courte négative"
2024-11-08,2024-11-11,141.1945,155.3139,148.183,2.5787,-2.7101,0.0302,-0.3422,oui,non,oui,"sous le bord bas, pente courte négative"
2024-11-15,2024-11-18,140.5825,154.6407,147.3358,2.9104,-2.3204,0.0217,-0.3442,oui,non,oui,"sous le bord bas, pente courte négative"
2024-11-22,2024-11-25,140.0929,154.1022,146.4561,3.2334,-1.968,0.0151,-0.3179,oui,non,oui,"sous le bord bas, pente courte négative"
2024-11-29,2024-12-02,137.505,151.2555,145.1503,3.6148,-2.115,0.0033,-0.274,oui,non,oui,"sous le bord bas, pente courte négative"
2024-12-06,2024-12-09,141.6841,155.8525,144.211,3.6471,-0.6929,-0.007,-0.0484,non,non,oui,dans la bande
2024-12-13,2024-12-16,139.6208,153.5829,143.3447,3.6862,-1.0102,-0.0154,0.0725,oui,non,oui,candidate à l'achat
2024-12-20,2024-12-23,135.8439,149.4283,142.0803,3.7753,-1.6519,-0.0275,-0.0084,oui,non,oui,"sous le bord bas, pente courte négative"
2024-12-27,2024-12-30,136.2985,149.9284,141.0613,3.8055,-1.2515,-0.0375,-0.1541,oui,non,oui,"sous le bord bas, pente courte négative"
2025-01-03,2025-01-06,135.197,148.7167,139.9148,3.7981,-1.2422,-0.0481,-0.2667,oui,non,oui,"sous le bord bas, pente courte négative"
2025-01-10,2025-01-13,136.4559,150.1015,138.9594,3.7036,-0.6759,-0.0564,-0.0762,non,non,oui,dans la bande
2025-01-17,2025-01-20,141.1945,155.3139,138.1451,3.6509,0.8352,-0.0625,0.1028,non,non,oui,dans la bande
2025-01-24,2025-01-27,143.1703,157.4873,137.9072,3.5612,1.4779,-0.0643,0.2414,non,oui,oui,au-dessus du bord haut
2025-01-31,2025-02-03,147.4018,162.1419,138.3286,3.7422,2.4245,-0.0612,0.4072,non,oui,oui,au-dessus du bord haut
2025-02-07,2025-02-10,147.8564,162.642,139.0137,4.0624,2.1767,-0.0547,0.4641,non,oui,oui,au-dessus du bord haut
2025-02-14,2025-02-17,152.2103,167.4313,140.1436,4.5682,2.6415,-0.044,0.358,non,oui,oui,au-dessus du bord haut
2025-02-21,2025-02-24,155.9696,171.5666,141.831,5.1569,2.7417,-0.0267,0.2867,non,oui,oui,au-dessus du bord haut
2025-02-28,2025-03-03,154.4134,169.8547,143.3953,5.5937,1.9698,-0.0125,0.2755,non,oui,oui,au-dessus du bord haut
2025-03-07,2025-03-10,157.6307,173.3938,145.7891,6.1256,1.9331,0.011,0.2957,non,oui,oui,au-dessus du bord haut
2025-03-14,2025-03-17,157.6132,173.3746,148.1287,6.3875,1.4849,0.0339,0.2335,non,oui,oui,au-dessus du bord haut
2025-03-21,2025-03-24,155.2003,170.7203,150.5174,6.2085,0.7543,0.059,0.1139,non,non,oui,dans la bande
2025-03-28,2025-03-31,154.1511,169.5662,152.1957,6.0485,0.3233,0.0746,-0.1059,non,non,oui,dans la bande
2025-04-04,2025-04-07,151.4234,166.5657,153.7526,5.6399,-0.413,0.0904,-0.1825,non,non,oui,dans la bande
2025-04-11,2025-04-14,147.1745,161.8919,153.8356,5.4135,-1.2305,0.0948,-0.4934,oui,non,oui,"sous le bord bas, pente courte négative"
2025-04-17,2025-04-22,151.4059,166.5465,154.7124,5.0914,-0.6494,0.1033,-0.2861,non,non,oui,dans la bande
2025-04-25,2025-04-28,156.0046,171.605,155.82,4.8162,0.0383,0.1124,0.0263,non,non,oui,dans la bande
2025-05-02,2025-05-05,161.9496,178.1446,157.2044,4.6205,1.027,0.1224,0.4103,non,oui,non,au-dessus du bord haut
2025-05-09,2025-05-12,160.7781,176.8559,158.9517,4.4873,0.407,0.1327,0.5832,non,non,non,dans la bande
2025-05-16,2025-05-19,163.1736,179.4909,160.3946,4.4297,0.6273,0.1383,0.3272,non,non,non,dans la bande
2025-05-23,2025-05-26,163.6898,180.0588,162.1614,4.4601,0.3427,0.1446,0.2776,non,non,non,dans la bande
2025-05-30,2025-06-02,162.337,178.5707,163.5812,4.4203,-0.2815,0.1485,0.1582,non,non,non,dans la bande
2025-06-06,2025-06-09,163.2804,179.6084,164.8049,4.3702,-0.3488,0.1507,0.0804,non,non,non,dans la bande
2025-06-13,2025-06-16,162.693,178.9623,165.6316,4.3782,-0.6712,0.1473,-0.0582,non,non,non,dans la bande
2025-06-20,2025-06-23,159.0974,175.0071,165.5358,4.4082,-1.4605,0.1336,-0.1002,oui,non,oui,"sous le bord bas, pente courte négative"
2025-06-27,2025-06-30,157.1572,172.8729,164.5375,4.6782,-1.5776,0.1135,-0.2918,oui,non,oui,"sous le bord bas, pente courte négative"
2025-07-04,2025-07-07,155.7687,171.3456,163.3939,4.6721,-1.6321,0.0919,-0.3212,oui,non,oui,"sous le bord bas, pente courte négative"
2025-07-11,2025-07-14,155.84,171.4239,162.3049,4.5655,-1.4161,0.0722,-0.1654,oui,non,oui,"sous le bord bas, pente courte négative"
2025-07-18,2025-07-21,153.0809,168.389,161.0507,4.607,-1.73,0.0536,-0.0527,oui,non,oui,"sous le bord bas, pente courte négative"
2025-07-25,2025-07-28,152.7961,168.0757,159.8002,4.7394,-1.4778,0.0373,-0.1387,oui,non,oui,"sous le bord bas, pente courte négative"
2025-08-01,2025-08-04,151.4967,166.6464,158.7065,4.7404,-1.5209,0.0229,-0.1153,oui,non,oui,"sous le bord bas, pente courte négative"
2025-08-08,2025-08-11,154.6651,170.1316,157.8244,4.7702,-0.6623,0.0124,-0.0199,non,non,oui,dans la bande
2025-08-15,2025-08-18,160.3968,176.4365,157.507,4.7464,0.6088,0.0072,0.1448,non,non,non,dans la bande
2025-08-22,2025-08-25,162.9778,179.2756,158.2768,4.8431,0.9707,0.0118,0.3725,non,non,non,dans la bande
2025-08-29,2025-09-01,156.8367,172.5204,158.5031,4.826,-0.3453,0.014,0.2474,non,non,oui,dans la bande
2025-09-05,2025-09-08,156.0891,171.6981,158.3826,4.8363,-0.4742,0.0131,-0.0532,non,non,oui,dans la bande
2025-09-12,2025-09-15,157.7446,173.519,158.2716,4.8425,-0.1088,0.0114,-0.2249,non,non,oui,dans la bande
2025-09-19,2025-09-22,156.3562,171.9918,157.8037,4.8421,-0.299,0.0056,-0.0825,non,non,oui,dans la bande
2025-09-26,2025-09-29,156.1604,171.7764,156.7842,4.3905,-0.1421,-0.0081,-0.0535,non,non,oui,dans la bande
2025-10-03,2025-10-06,152.7961,168.0757,155.6331,3.5207,-0.8058,-0.0244,-0.0515,non,non,oui,dans la bande
2025-10-10,2025-10-13,150.9449,166.0394,154.1625,3.2081,-1.003,-0.0393,-0.1662,oui,non,oui,"sous le bord bas, pente courte négative"
2025-10-17,2025-10-20,153.8107,169.1918,153.3918,3.0608,0.1369,-0.0456,-0.1392,non,non,oui,dans la bande
2025-10-24,2025-10-27,153.5259,168.8785,152.9982,3.0434,0.1734,-0.047,-0.069,non,non,oui,dans la bande
2025-10-31,2025-11-03,149.4497,164.3947,152.4086,3.0324,-0.9758,-0.0496,0.0269,non,non,oui,dans la bande
2025-11-07,2025-11-10,150.6957,165.7653,151.9691,2.9782,-0.4276,-0.0479,-0.1429,non,non,oui,dans la bande
2025-11-14,2025-11-17,152.2621,167.4883,151.9855,2.9183,0.0948,-0.0431,-0.0715,non,non,oui,dans la bande
2025-11-21,2025-11-24,147.6875,162.4562,151.3691,2.9202,-1.2607,-0.0432,-0.1226,oui,non,oui,"sous le bord bas, pente courte négative"
2025-11-28,2025-12-01,146.9577,161.6535,150.6612,2.9232,-1.2669,-0.0435,-0.1875,oui,non,oui,"sous le bord bas, pente courte négative"
2025-12-05,2025-12-08,145.1243,159.6367,149.8205,2.9928,-1.5691,-0.046,-0.2835,oui,non,oui,"sous le bord bas, pente courte négative"
2025-12-12,2025-12-15,141.1549,155.2703,147.9962,3.2937,-2.0771,-0.0597,-0.2786,oui,non,oui,"sous le bord bas, pente courte négative"
2025-12-19,2025-12-22,141.9559,156.1514,146.3969,3.4094,-1.3026,-0.071,-0.2479,oui,non,oui,"sous le bord bas, pente courte négative"
2025-12-24,2025-12-29,142.4187,156.6605,145.557,3.4209,-0.9174,-0.0765,-0.2059,non,non,oui,dans la bande
2026-01-02,2026-01-05,141.5109,155.662,144.4915,3.3789,-0.8821,-0.0836,-0.0699,non,non,oui,dans la bande
2026-01-09,2026-01-12,141.3329,155.4661,142.6492,3.209,-0.4102,-0.0979,-0.0622,non,non,oui,dans la bande
2026-01-16,2026-01-19,141.7066,155.8773,141.3544,2.9025,0.1214,-0.1072,-0.0328,non,non,oui,dans la bande
2026-01-23,2026-01-26,140.2827,154.3109,139.7171,2.4771,0.2283,-0.1193,-0.0858,non,non,oui,dans la bande
2026-01-30,2026-02-02,140.5674,154.6242,138.3892,1.9921,1.0934,-0.1282,-0.0089,non,oui,oui,au-dessus du bord haut
2026-02-06,2026-02-09,149.2895,164.2185,138.735,2.6636,3.9625,-0.1185,0.2172,non,oui,oui,au-dessus du bord haut
2026-02-13,2026-02-16,150.7669,165.8436,139.9565,3.3777,3.2005,-0.0996,0.5315,non,oui,oui,au-dessus du bord haut
2026-02-20,2026-02-23,156.2494,171.8743,141.1101,4.0882,3.7031,-0.084,0.5124,non,oui,oui,au-dessus du bord haut
2026-02-27,2026-03-02,158.6346,174.498,143.3734,5.2288,2.9187,-0.0589,0.4901,non,oui,oui,au-dessus du bord haut
2026-03-06,2026-03-09,148.8979,163.7877,144.783,5.505,0.7475,-0.0412,0.1939,non,non,oui,dans la bande
2026-03-13,2026-03-16,152.0841,167.2925,145.6399,5.5327,1.1647,-0.0288,-0.1084,non,oui,oui,au-dessus du bord haut
2026-03-20,2026-03-23,148.8445,163.7289,146.8266,5.5043,0.3666,-0.0132,-0.2941,non,non,oui,dans la bande
2026-03-27,2026-03-30,153.9175,169.3093,147.8805,5.4547,1.1068,-0.0001,-0.0428,non,oui,oui,au-dessus du bord haut
2026-04-02,2026-04-07,160.6638,176.7301,149.5924,5.7206,1.9354,0.0165,0.337,non,oui,non,au-dessus du bord haut
2026-04-10,2026-04-13,167.8016,184.5818,152.1133,6.1233,2.562,0.0407,0.5407,non,oui,non,au-dessus du bord haut
2026-04-17,2026-04-20,165.5766,182.1343,155.432,6.3113,1.6074,0.0721,0.7159,non,oui,non,au-dessus du bord haut
2026-04-24,2026-04-27,167.6414,184.4056,158.5023,6.2334,1.4661,0.0996,0.4129,non,oui,non,au-dessus du bord haut
2026-04-30,2026-05-04,162.9422,179.2364,160.2549,6.0284,0.4458,0.114,0.0435,non,non,non,dans la bande
2026-05-08,2026-05-11,155.8577,171.4435,161.7672,5.431,-1.0881,0.128,-0.3377,oui,non,oui,"sous le bord bas, pente courte négative"
2026-05-15,2026-05-18,156.8546,172.54,162.7999,5.0668,-1.1734,0.1354,-0.3857,oui,non,oui,"sous le bord bas, pente courte négative"
2026-05-22,2026-05-25,163.9818,180.38,164.1285,4.8092,-0.0305,0.143,-0.1179,non,non,non,dans la bande
2026-05-29,2026-06-01,161.8909,178.08,165.9512,4.5174,-0.8988,0.1537,0.2909,non,non,non,dans la bande
2026-06-05,2026-06-08,166.7273,183.4,166.9519,4.4867,-0.0501,0.1542,0.2834,non,non,non,dans la bande
2026-06-12,2026-06-15,168.3,168.3,168.2332,4.4662,0.015,0.1557,0.2032,non,non,non,dans la bande
2026-06-19,2026-06-22,164.16,164.16,169.1921,4.4813,-1.1229,0.1543,0.0766,oui,non,non,candidate à l'achat
2026-06-26,2026-06-29,172.86,172.86,170.3057,4.4991,0.5677,0.1526,0.2187,non,non,non,dans la bande
2026-07-03,2026-07-06,180.3,180.3,172.1859,4.6325,1.7515,0.155,0.3855,non,oui,non,au-dessus du bord haut
2026-07-10,2026-07-13,174.3,174.3,173.6,4.6331,0.1511,0.1536,0.3996,non,non,non,dans la bande
2026-07-17,2026-07-20,176.46,176.46,174.7499,4.5191,0.3784,0.148,0.2551,non,non,non,dans la bande
2026-07-24,2026-07-27,176.52,176.52,175.5968,4.3314,0.2131,0.14,0.0223,non,non,non,dans la bande
2026-07-31,2026-08-03,170.72,170.72,176.2408,4.4072,-1.2527,0.1358,-0.1067,oui,non,non,"sous le bord bas, pente courte négative"
2026-08-07,2026-08-10,172.38,172.38,176.6302,4.4961,-0.9453,0.1298,-0.1968,non,non,non,dans la bande
2026-08-14,2026-08-17,168.26,168.26,176.704,4.642,-1.8191,0.1229,-0.2355,oui,non,non,"sous le bord bas, pente courte négative"
2026-08-21,2026-08-24,167.12,167.12,176.4722,4.9421,-1.8924,0.1163,-0.2341,oui,non,non,"sous le bord bas, pente courte négative"
2026-08-28,2026-08-31,169.8,169.8,175.6605,5.0978,-1.1496,0.0999,-0.1728,oui,non,non,"sous le bord bas, pente courte négative"
2026-09-04,2026-09-08,170.44,170.44,175.3807,5.0585,-0.9767,0.0882,0.0598,non,non,non,dans la bande
2026-09-10,,166.78,166.78,174.8067,4.9774,-1.6126,0.0773,0.117,oui,non,non,candidate à l'achat
