DATE,RANG,TICKER,S1,S2,S3,S4,S5,SCORE,POSITION,MOMENTUM,VERDICT_REGLE
2021-12-31,1,MC.PA,2,1,1,2,0,6,74.0,32.85,ATTENTE
2021-12-31,2,BNP.PA,2,1,1,2,0,6,97.7,31.64,ATTENTE
2021-12-31,3,SU.PA,2,1,1,2,0,6,87.5,29.58,ATTENTE
2021-12-31,4,TTE.PA,2,1,1,2,0,6,75.3,19.78,ATTENTE
2021-12-31,5,CAP.PA,2,1,0,2,0,5,41.8,67.92,ATTENTE
2021-12-31,6,RI.PA,2,1,0,2,0,5,21.2,31.71,ATTENTE
2021-12-31,7,OR.PA,2,0,0,2,0,4,24.5,32.04,ATTENTE
2021-12-31,8,SAN.PA,0,1,1,2,0,4,81.7,10.33,ATTENTE
2021-12-31,9,AI.PA,2,0,0,1,0,3,42.1,9.24,ATTENTE
2021-12-31,10,DG.PA,0,1,1,1,0,3,100.0,8.29,ATTENTE
2021-12-31,11,AIR.PA,-2,1,1,2,0,2,93.1,12.61,ATTENTE
2021-12-31,12,ORA.PA,0,1,1,-1,0,1,66.8,-2.94,ATTENTE
2022-01-31,1,TTE.PA,2,1,1,2,0,6,75.1,35.85,ATTENTE
2022-01-31,2,SAN.PA,2,1,1,2,0,6,61.0,14.16,ATTENTE
2022-01-31,3,BNP.PA,2,0,1,2,0,5,52.0,45.13,ATTENTE
2022-01-31,4,DG.PA,2,1,0,2,0,5,28.4,11.38,ATTENTE
2022-01-31,5,ORA.PA,2,1,1,1,0,5,93.3,5.0,ATTENTE
2022-01-31,6,MC.PA,2,-1,1,2,0,4,55.4,36.84,ATTENTE
2022-01-31,7,CAP.PA,2,-1,0,2,0,3,28.6,64.19,ATTENTE
2022-01-31,8,SU.PA,2,-1,-1,2,0,2,11.6,42.79,ATTENTE
2022-01-31,9,OR.PA,2,-1,-1,2,0,2,16.4,34.87,ATTENTE
2022-01-31,10,RI.PA,2,-1,-1,2,0,2,1.2,31.21,ATTENTE
2022-01-31,11,AI.PA,2,-1,-1,2,0,2,13.4,13.71,ATTENTE
2022-01-31,12,AIR.PA,-2,-1,0,2,0,-1,34.0,21.51,ATTENTE
2022-02-28,1,ORA.PA,2,1,1,2,0,6,82.3,14.62,ATTENTE
2022-02-28,2,SAN.PA,2,0,1,2,0,5,59.7,23.2,ATTENTE
2022-02-28,3,SU.PA,2,-1,1,2,0,4,74.9,20.13,ATTENTE
2022-02-28,4,AI.PA,2,0,0,2,0,4,37.1,18.1,ATTENTE
2022-02-28,5,CAP.PA,2,-1,0,2,0,3,26.7,35.86,ATTENTE
2022-02-28,6,MC.PA,2,-1,0,2,0,3,22.1,33.92,ATTENTE
2022-02-28,7,RI.PA,0,0,1,2,0,3,89.6,23.31,ATTENTE
2022-02-28,8,DG.PA,2,0,-1,2,0,3,19.1,11.35,ATTENTE
2022-02-28,9,AIR.PA,0,0,1,2,0,3,62.6,11.09,ATTENTE
2022-02-28,10,TTE.PA,2,-1,-1,2,0,2,8.2,34.56,ATTENTE
2022-02-28,11,BNP.PA,2,-1,-1,2,0,2,5.1,25.21,ATTENTE
2022-02-28,12,OR.PA,0,-1,1,2,0,2,95.0,19.72,ATTENTE
2022-03-31,1,TTE.PA,2,1,1,2,0,6,50.0,33.04,ATTENTE
2022-03-31,2,ORA.PA,2,1,0,2,0,5,32.2,14.6,ATTENTE
2022-03-31,3,SAN.PA,2,0,1,2,0,5,61.4,12.94,ATTENTE
2022-03-31,4,AIR.PA,0,1,1,2,0,4,69.9,11.46,ATTENTE
2022-03-31,5,DG.PA,2,1,0,1,0,4,46.2,5.45,ATTENTE
2022-03-31,6,AI.PA,0,1,1,1,0,3,90.4,7.25,ATTENTE
2022-03-31,7,CAP.PA,-2,1,1,2,0,2,95.0,21.75,ATTENTE
2022-03-31,8,RI.PA,-2,1,1,2,0,2,91.3,14.78,ATTENTE
2022-03-31,9,MC.PA,-2,1,1,1,0,1,84.4,8.42,ATTENTE
2022-03-31,10,SU.PA,-2,1,1,1,0,1,92.2,4.89,ATTENTE
2022-03-31,11,OR.PA,-2,1,1,1,0,1,82.3,3.7,ATTENTE
2022-03-31,12,BNP.PA,-2,1,1,1,0,1,83.8,1.49,ATTENTE
2022-04-29,1,AI.PA,2,1,1,2,0,6,87.0,13.13,ATTENTE
2022-04-29,2,ORA.PA,2,1,1,2,0,6,71.5,10.32,ATTENTE
2022-04-29,3,TTE.PA,2,0,1,2,0,5,84.5,24.1,ATTENTE
2022-04-29,4,SAN.PA,2,1,1,1,0,5,67.6,6.52,ATTENTE
2022-04-29,5,DG.PA,2,1,1,1,0,5,91.4,1.28,ATTENTE
2022-04-29,6,AIR.PA,-2,0,1,2,0,1,59.5,15.45,ATTENTE
2022-04-29,7,CAP.PA,-2,-1,1,2,0,0,65.8,31.85,ATTENTE
2022-04-29,8,RI.PA,-2,-1,1,2,0,0,69.8,12.64,ATTENTE
2022-04-29,9,BNP.PA,-2,0,1,1,0,0,90.0,2.11,ATTENTE
2022-04-29,10,SU.PA,-2,-1,0,2,0,-1,30.2,18.21,ATTENTE
2022-04-29,11,OR.PA,-2,-1,1,1,0,-1,64.2,4.78,ATTENTE
2022-04-29,12,MC.PA,-2,-1,0,1,0,-2,35.7,7.95,ATTENTE
2022-05-31,1,TTE.PA,2,1,1,2,0,6,96.5,25.12,ATTENTE
2022-05-31,2,AI.PA,2,1,1,2,0,6,57.8,14.82,ATTENTE
2022-05-31,3,ORA.PA,2,0,1,2,0,5,74.5,15.47,ATTENTE
2022-05-31,4,SAN.PA,2,1,-1,2,0,4,18.1,16.79,ATTENTE
2022-05-31,5,SU.PA,-2,1,1,1,0,1,77.0,0.9,ATTENTE
2022-05-31,6,CAP.PA,-2,0,0,2,0,0,21.3,27.31,ATTENTE
2022-05-31,7,RI.PA,-2,0,0,2,0,0,33.4,10.6,ATTENTE
2022-05-31,8,DG.PA,0,0,0,-1,0,-1,42.3,-1.77,ATTENTE
2022-05-31,9,AIR.PA,-2,1,1,-1,0,-1,53.4,-4.64,ATTENTE
2022-05-31,10,MC.PA,-2,0,1,-1,0,-2,76.8,-6.98,ATTENTE
2022-05-31,11,OR.PA,-2,0,1,-1,0,-2,77.0,-9.69,ATTENTE
2022-05-31,12,BNP.PA,-2,1,1,-2,0,-2,78.7,-10.76,ATTENTE
2022-06-30,1,ORA.PA,2,1,1,2,0,6,54.6,26.74,ATTENTE
2022-06-30,2,TTE.PA,2,-1,0,2,0,3,25.7,51.47,ATTENTE
2022-06-30,3,SAN.PA,2,0,-1,2,0,3,17.1,18.62,ATTENTE
2022-06-30,4,AI.PA,2,-1,-1,1,0,1,2.5,9.94,ATTENTE
2022-06-30,5,RI.PA,-2,0,1,1,0,0,65.2,0.4,ATTENTE
2022-06-30,6,BNP.PA,-2,-1,-1,2,0,-2,13.6,14.5,ATTENTE
2022-06-30,7,CAP.PA,-2,0,-1,1,0,-2,3.6,6.84,ATTENTE
2022-06-30,8,DG.PA,-2,-1,0,1,0,-2,26.8,0.43,ATTENTE
2022-06-30,9,MC.PA,-2,0,1,-1,0,-2,73.0,-8.32,ATTENTE
2022-06-30,10,OR.PA,-2,0,1,-2,0,-3,74.3,-12.16,ATTENTE
2022-06-30,11,SU.PA,-2,-1,0,-1,0,-4,25.6,-4.74,ATTENTE
2022-06-30,12,AIR.PA,-2,-1,-1,-1,0,-5,10.8,-2.61,ATTENTE
2022-07-29,1,TTE.PA,2,0,1,2,0,5,94.5,41.47,ATTENTE
2022-07-29,2,SAN.PA,2,0,-1,2,0,3,3.2,15.13,ATTENTE
2022-07-29,3,ORA.PA,2,-1,-1,2,0,2,11.4,26.0,ATTENTE
2022-07-29,4,AI.PA,0,1,1,-1,0,1,92.7,-2.5,ATTENTE
2022-07-29,5,DG.PA,-2,1,1,-1,0,-1,94.1,-2.13,ATTENTE
2022-07-29,6,RI.PA,-2,1,1,-1,0,-1,92.5,-5.41,ATTENTE
2022-07-29,7,BNP.PA,-2,0,1,-1,0,-2,90.0,-7.65,ATTENTE
2022-07-29,8,CAP.PA,-2,1,1,-2,0,-2,98.7,-12.93,ATTENTE
2022-07-29,9,MC.PA,-2,1,1,-2,0,-2,96.5,-15.27,ATTENTE
2022-07-29,10,OR.PA,-2,1,1,-2,0,-2,94.5,-16.3,ATTENTE
2022-07-29,11,AIR.PA,-2,1,1,-2,0,-2,90.3,-18.29,ATTENTE
2022-07-29,12,SU.PA,-2,1,1,-2,0,-2,94.7,-21.84,ATTENTE
2022-08-31,1,TTE.PA,2,1,0,2,0,5,45.8,38.68,ATTENTE
2022-08-31,2,ORA.PA,-2,0,1,2,0,1,76.7,14.0,ATTENTE
2022-08-31,3,DG.PA,0,0,0,1,0,1,31.0,4.79,ATTENTE
2022-08-31,4,MC.PA,2,-1,-1,1,0,1,0.0,4.77,ATTENTE
2022-08-31,5,SAN.PA,-2,-1,0,2,0,-1,30.1,21.06,ATTENTE
2022-08-31,6,RI.PA,0,-1,-1,1,0,-1,0.0,2.78,ATTENTE
2022-08-31,7,OR.PA,0,-1,-1,-1,0,-3,12.3,-7.21,ATTENTE
2022-08-31,8,BNP.PA,-2,-1,0,-1,0,-4,25.5,-4.71,ATTENTE
2022-08-31,9,CAP.PA,-2,-1,-1,-1,0,-5,0.0,-0.79,ATTENTE
2022-08-31,10,AI.PA,-2,-1,-1,-1,0,-5,0.0,-1.61,ATTENTE
2022-08-31,11,AIR.PA,-2,-1,-1,-1,0,-5,0.4,-9.54,ATTENTE
2022-08-31,12,SU.PA,-2,-1,-1,-2,0,-6,1.2,-11.18,ATTENTE
2022-09-30,1,RI.PA,2,0,1,-1,0,2,52.7,-5.14,ATTENTE
2022-09-30,2,TTE.PA,0,-1,0,2,0,1,28.8,18.49,ATTENTE
2022-09-30,3,MC.PA,2,-1,-1,1,0,1,9.9,1.76,ATTENTE
2022-09-30,4,OR.PA,2,-1,0,-1,0,0,27.2,-3.56,ATTENTE
2022-09-30,5,DG.PA,0,-1,-1,1,0,-1,11.4,4.27,ATTENTE
2022-09-30,6,ORA.PA,-2,-1,-1,2,0,-2,2.5,14.91,ATTENTE
2022-09-30,7,AI.PA,-2,-1,0,1,0,-2,21.6,0.02,ATTENTE
2022-09-30,8,SAN.PA,-2,-1,1,-1,0,-3,64.4,-0.32,ATTENTE
2022-09-30,9,CAP.PA,-2,-1,0,-1,0,-4,34.5,-1.55,ATTENTE
2022-09-30,10,SU.PA,-2,-1,0,-2,0,-5,24.5,-13.02,ATTENTE
2022-09-30,11,BNP.PA,-2,-1,-1,-2,0,-6,18.2,-13.92,ATTENTE
2022-09-30,12,AIR.PA,-2,-1,-1,-2,0,-6,9.4,-15.36,ATTENTE
2022-10-31,1,TTE.PA,0,1,1,2,0,4,92.5,17.38,ATTENTE
2022-10-31,2,MC.PA,2,1,1,-2,0,2,60.9,-12.33,ATTENTE
2022-10-31,3,ORA.PA,-2,1,1,1,0,1,95.1,2.6,ATTENTE
2022-10-31,4,DG.PA,0,1,1,-1,0,1,97.4,-9.15,ATTENTE
2022-10-31,5,RI.PA,2,-1,0,-1,0,0,20.6,-6.4,ATTENTE
2022-10-31,6,SU.PA,0,1,1,-2,0,0,76.5,-22.44,ATTENTE
2022-10-31,7,SAN.PA,-2,1,1,-1,0,-1,93.1,-7.96,ATTENTE
2022-10-31,8,AI.PA,-2,1,1,-2,0,-2,92.0,-12.75,ATTENTE
2022-10-31,9,BNP.PA,-2,1,1,-2,0,-2,96.1,-20.5,ATTENTE
2022-10-31,10,AIR.PA,-2,1,1,-2,0,-2,98.3,-22.49,ATTENTE
2022-10-31,11,OR.PA,0,-1,0,-2,0,-3,30.5,-19.19,ATTENTE
2022-10-31,12,CAP.PA,-2,0,1,-2,0,-3,64.1,-20.96,ATTENTE
2022-11-30,1,TTE.PA,2,1,1,2,0,6,95.9,36.06,ATTENTE
2022-11-30,2,DG.PA,2,1,1,2,0,6,95.5,11.88,ATTENTE
2022-11-30,3,MC.PA,2,1,1,-1,0,3,100.0,-7.93,ATTENTE
2022-11-30,4,ORA.PA,-2,1,1,2,0,2,86.4,13.27,ATTENTE
2022-11-30,5,AIR.PA,2,0,-1,1,0,2,10.7,8.18,ATTENTE
2022-11-30,6,RI.PA,2,1,1,-2,0,2,99.2,-13.99,ATTENTE
2022-11-30,7,SU.PA,2,1,1,-2,0,2,83.4,-20.95,ATTENTE
2022-11-30,8,BNP.PA,2,1,0,-2,0,1,43.6,-10.57,ATTENTE
2022-11-30,9,SAN.PA,-2,0,1,1,0,0,77.0,7.44,ATTENTE
2022-11-30,10,CAP.PA,0,1,1,-2,0,0,65.3,-18.45,ATTENTE
2022-11-30,11,OR.PA,0,1,1,-2,0,0,96.9,-23.15,ATTENTE
2022-11-30,12,AI.PA,0,1,-1,-1,0,-1,0.0,-4.66,ATTENTE
