DATE,ESPECES,TITRES,TOTAL,BASE100,REFERENCE100
2022-01-03,802.55,9174.51,9977.07,99.7707,100.0
2022-01-04,802.55,9340.85,10143.4,101.434,101.5565
2022-01-05,802.55,9355.5,10158.06,101.5806,101.8349
2022-01-06,802.55,9180.89,9983.44,99.8344,100.0148
2022-01-07,802.55,9136.15,9938.7,99.387,99.437
2022-01-10,802.55,8962.45,9765.0,97.65,98.6056
2022-01-11,802.55,9118.42,9920.97,99.2097,99.5225
2022-01-12,802.55,9285.23,10087.78,100.8778,100.4156
2022-01-13,802.55,9269.35,10071.9,100.719,99.971
2022-01-14,802.55,9175.81,9978.37,99.7837,99.5713
2022-01-17,802.55,9249.31,10051.86,100.5186,100.2379
2022-01-18,802.55,9192.08,9994.64,99.9464,99.4824
2022-01-19,802.55,9287.1,10089.65,100.8965,100.0639
2022-01-20,802.55,9266.68,10069.23,100.6923,100.3491
2022-01-21,802.55,9080.03,9882.59,98.8259,98.8325
2022-01-24,802.55,8664.4,9466.96,94.6696,95.493
2022-01-25,802.55,8774.47,9577.02,95.7702,96.4097
2022-01-26,802.55,9011.96,9814.51,98.1451,98.3472
2022-01-27,802.55,9078.89,9881.45,98.8145,99.2794
2022-01-28,802.55,8992.74,9795.29,97.9529,98.4051
2022-01-31,802.55,9025.2,9827.76,98.2776,98.5604
2022-02-01,63.37,9892.91,9956.29,99.5629,99.6417
2022-02-02,63.37,9868.26,9931.64,99.3164,99.817
2022-02-03,63.37,9720.77,9784.14,97.8414,98.3671
2022-02-04,63.37,9727.97,9791.34,97.9134,97.8785
2022-02-07,63.37,9888.53,9951.91,99.5191,98.9126
2022-02-08,63.37,9900.59,9963.97,99.6397,99.4353
2022-02-09,63.37,10038.55,10101.92,101.0192,100.6488
2022-02-10,63.37,9966.64,10030.01,100.3001,100.3589
2022-02-11,63.37,9893.35,9956.72,99.5672,99.5547
2022-02-14,63.37,9635.58,9698.95,96.9895,97.4914
2022-02-15,63.37,9716.11,9779.48,97.7948,98.8049
2022-02-16,63.37,9655.46,9718.83,97.1883,98.5177
2022-02-17,63.37,9618.81,9682.19,96.8219,98.5156
2022-02-18,63.37,9606.79,9670.16,96.7016,98.5333
2022-02-21,63.37,9464.43,9527.8,95.278,96.578
2022-02-22,63.37,9465.77,9529.15,95.2915,96.6762
2022-02-23,63.37,9443.19,9506.57,95.0657,96.4519
2022-02-24,63.37,9053.33,9116.71,91.1671,93.104
2022-02-25,63.37,9346.65,9410.02,94.1002,96.3498
2022-02-28,63.37,9058.85,9122.22,91.2222,94.8608
2022-03-01,111.33,8755.67,8867.0,88.67,91.6435
2022-03-02,111.33,8843.12,8954.45,89.5445,93.4424
2022-03-03,111.33,8732.75,8844.08,88.4408,92.0804
2022-03-04,111.33,8353.11,8464.44,84.6444,87.7827
2022-03-07,111.33,8339.46,8450.79,84.5079,86.6504
2022-03-08,111.33,8390.84,8502.16,85.0216,86.669
2022-03-09,111.33,8846.57,8957.9,89.579,92.1301
2022-03-10,111.33,8684.31,8795.64,87.9564,89.7699
2022-03-11,111.33,8729.8,8841.13,88.4113,90.2633
2022-03-14,111.33,8825.29,8936.61,89.3661,91.7448
2022-03-15,111.33,8864.91,8976.24,89.7624,91.7064
2022-03-16,111.33,9091.42,9202.75,92.0275,94.2605
2022-03-17,111.33,9152.92,9264.25,92.6425,94.7806
2022-03-18,111.33,9115.56,9226.89,92.2689,94.5915
2022-03-21,111.33,9105.24,9216.57,92.1657,94.2106
2022-03-22,111.33,9178.26,9289.59,92.8959,95.2457
2022-03-23,111.33,9083.37,9194.7,91.947,94.4717
2022-03-24,111.33,9064.28,9175.61,91.7561,94.2594
2022-03-25,111.33,9039.59,9150.92,91.5092,94.3027
2022-03-28,111.33,9141.43,9252.76,92.5276,94.9795
2022-03-29,111.33,9284.66,9395.99,93.9599,97.1651
2022-03-30,111.33,9267.17,9378.5,93.785,96.9054
2022-03-31,111.33,9222.61,9333.94,93.3394,96.2305
2022-04-01,38.01,9369.16,9407.16,94.0716,96.7629
2022-04-04,38.01,9421.28,9459.29,94.5929,97.1624
2022-04-05,38.01,9337.5,9375.51,93.7551,96.048
2022-04-06,38.01,9284.97,9322.98,93.2298,94.3392
2022-04-07,38.01,9253.37,9291.38,92.9138,93.9051
2022-04-08,38.01,9440.0,9478.01,94.7801,95.3975
2022-04-11,38.01,9542.69,9580.7,95.807,95.9257
2022-04-12,38.01,9467.44,9505.45,95.0545,95.4773
2022-04-13,38.01,9490.23,9528.23,95.2823,95.3643
2022-04-14,38.01,9533.48,9571.49,95.7149,95.9189
2022-04-19,38.01,9489.01,9527.02,95.2702,95.0973
2022-04-20,38.01,9531.02,9569.03,95.6903,96.1796
2022-04-21,38.01,9615.89,9653.89,96.5389,97.4907
2022-04-22,38.01,9442.66,9480.67,94.8067,95.6957
2022-04-25,38.01,9309.86,9347.87,93.4787,94.2913
2022-04-26,38.01,9327.11,9365.12,93.6512,94.3931
2022-04-27,38.01,9414.84,9452.85,94.5285,94.9403
2022-04-28,38.01,9553.88,9591.89,95.9189,95.8924
2022-04-29,38.01,9570.14,9608.15,96.0815,96.3469
2022-05-02,38.01,9481.71,9519.72,95.1972,94.9451
2022-05-03,38.01,9656.57,9694.58,96.9458,96.1162
2022-05-04,38.01,9526.33,9564.34,95.6434,94.9516
2022-05-05,38.01,9660.56,9698.57,96.9857,95.3012
2022-05-06,38.01,9643.97,9681.98,96.8198,94.0999
2022-05-09,38.01,9444.67,9482.67,94.8267,91.7463
2022-05-10,38.01,9498.46,9536.47,95.3647,92.4528
2022-05-11,38.01,9638.39,9676.4,96.764,94.5914
2022-05-12,38.01,9555.28,9593.29,95.9329,93.791
2022-05-13,38.01,9737.86,9775.86,97.7586,95.874
2022-05-16,38.01,9773.65,9811.66,98.1166,95.9189
2022-05-17,38.01,9853.8,9891.81,98.9181,96.9847
2022-05-18,38.01,9812.43,9850.44,98.5044,95.9404
2022-05-19,38.01,9687.38,9725.39,97.2539,94.4873
2022-05-20,38.01,9789.1,9827.11,98.2711,94.8661
2022-05-23,38.01,9934.44,9972.45,99.7245,96.2944
2022-05-24,38.01,9836.76,9874.77,98.7477,95.0153
2022-05-25,38.01,9919.02,9957.03,99.5703,95.5291
2022-05-26,38.01,10040.84,10078.85,100.7885,96.9849
2022-05-27,38.01,10048.36,10086.37,100.8637,98.2691
2022-05-30,38.01,9995.05,10033.06,100.3306,98.5855
2022-05-31,38.01,9881.65,9919.66,99.1966,97.2405
2022-06-01,68.05,9750.88,9818.93,98.1893,96.3
2022-06-02,68.05,9783.42,9851.47,98.5147,97.1632
2022-06-03,68.05,9822.13,9890.17,98.9017,97.1514
2022-06-06,68.05,9880.92,9948.96,99.4896,98.1319
2022-06-07,68.05,9855.7,9923.75,99.2375,97.4391
2022-06-08,68.05,9767.1,9835.15,98.3515,96.4704
2022-06-09,68.05,9673.41,9741.46,97.4146,95.3791
2022-06-10,68.05,9495.33,9563.37,95.6337,93.1039
2022-06-13,68.05,9433.02,9501.07,95.0107,91.425
2022-06-14,68.05,9336.81,9404.85,94.0485,90.2662
2022-06-15,68.05,9369.0,9437.05,94.3705,91.2288
2022-06-16,68.05,9223.62,9291.67,92.9167,89.5746
2022-06-17,68.05,9152.72,9220.76,92.2076,89.3189
2022-06-20,68.05,9216.33,9284.38,92.8438,89.7467
2022-06-21,68.05,9268.84,9336.88,93.3688,90.427
2022-06-22,68.05,9301.07,9369.12,93.6912,90.3745
2022-06-23,68.05,9251.87,9319.91,93.1991,89.8033
2022-06-24,68.05,9534.13,9602.17,96.0217,92.6669
2022-06-27,68.05,9540.46,9608.5,96.085,92.4433
2022-06-28,68.05,9530.79,9598.84,95.9884,92.8455
2022-06-29,68.05,9501.24,9569.28,95.6928,91.9785
2022-06-30,68.05,9261.26,9329.31,93.2931,90.297
2022-07-01,68.05,9268.01,9336.06,93.3606,90.4636
2022-07-04,68.05,9344.23,9412.27,94.1227,90.927
2022-07-05,68.05,9087.91,9155.96,91.5596,88.7088
2022-07-06,68.05,9112.63,9180.68,91.8068,90.0879
2022-07-07,68.05,9219.96,9288.01,92.8801,90.9818
2022-07-08,68.05,9230.07,9298.11,92.9811,91.2472
2022-07-11,68.05,9227.03,9295.08,92.9508,90.8013
2022-07-12,68.05,9213.15,9281.2,92.812,91.384
2022-07-13,68.05,9146.29,9214.34,92.1434,90.8018
2022-07-14,68.05,8971.54,9039.59,90.3959,89.1992
2022-07-15,68.05,9147.82,9215.87,92.1587,91.0786
2022-07-18,68.05,9169.85,9237.89,92.3789,91.5529
2022-07-19,68.05,9266.32,9334.37,93.3437,92.9478
2022-07-20,68.05,9181.98,9250.03,92.5003,92.4952
2022-07-21,68.05,9120.12,9188.16,91.8816,92.6447
2022-07-22,68.05,9106.84,9174.88,91.7488,92.7484
2022-07-25,68.05,9156.28,9224.33,92.2433,93.2113
2022-07-26,68.05,9194.64,9262.69,92.6269,93.1081
2022-07-27,68.05,9162.51,9230.56,92.3056,93.3768
2022-07-28,68.05,9128.58,9196.63,91.9663,93.8812
2022-07-29,68.05,9304.8,9372.85,93.7285,95.7557
2022-08-01,1751.88,7489.07,9240.95,92.4095,95.0514
2022-08-02,1751.88,7544.59,9296.47,92.9647,94.8546
2022-08-03,1751.88,7536.48,9288.37,92.8837,95.5026
2022-08-04,1751.88,7533.77,9285.65,92.8565,96.0562
2022-08-05,1751.88,7605.21,9357.09,93.5709,95.8515
2022-08-08,1751.88,7622.69,9374.58,93.7458,96.3434
2022-08-09,1751.88,7636.69,9388.57,93.8857,96.2724
2022-08-10,1751.88,7416.77,9168.65,91.6865,96.1912
2022-08-11,1751.88,7385.81,9137.69,91.3769,96.281
2022-08-12,1751.88,7414.22,9166.1,91.661,96.5071
2022-08-15,1751.88,7387.53,9139.42,91.3942,96.6388
2022-08-16,1751.88,7466.1,9217.99,92.1799,97.1199
2022-08-17,1751.88,7333.77,9085.66,90.8566,96.2306
2022-08-18,1751.88,7388.35,9140.23,91.4023,96.676
2022-08-19,1751.88,7393.22,9145.1,91.451,96.015
2022-08-22,1751.88,7388.66,9140.55,91.4055,94.6557
2022-08-23,1751.88,7387.7,9139.59,91.3959,94.3804
2022-08-24,1751.88,7333.98,9085.86,90.8586,94.6047
2022-08-25,1751.88,7319.16,9071.04,90.7104,94.4559
2022-08-26,1751.88,7306.05,9057.93,90.5793,93.1819
2022-08-29,1751.88,7325.2,9077.09,90.7709,92.5937
2022-08-30,1751.88,7274.83,9026.71,90.2671,92.3464
2022-08-31,1751.88,7164.88,8916.77,89.1677,91.102
2022-09-01,416.45,8438.19,8854.64,88.5464,90.1228
2022-09-02,416.45,8556.13,8972.58,89.7258,92.0882
2022-09-05,416.45,8554.42,8970.87,89.7087,91.1068
2022-09-06,416.45,8519.55,8936.0,89.36,91.1058
2022-09-07,416.45,8446.3,8862.75,88.6275,90.7483
2022-09-08,416.45,8421.01,8837.46,88.3746,90.9044
2022-09-09,416.45,8497.56,8914.01,89.1401,91.9888
2022-09-12,416.45,8620.68,9037.14,90.3714,93.8882
2022-09-13,416.45,8549.48,8965.93,89.6593,92.7474
2022-09-14,416.45,8551.39,8967.85,89.6785,92.524
2022-09-15,416.45,8512.49,8928.94,89.2894,91.6575
2022-09-16,416.45,8441.22,8857.67,88.5767,90.4001
2022-09-19,416.45,8385.24,8801.69,88.0169,90.16
2022-09-20,416.45,8273.18,8689.64,86.8964,88.6612
2022-09-21,416.45,8278.59,8695.04,86.9504,89.3062
2022-09-22,416.45,8220.8,8637.26,86.3726,88.1163
2022-09-23,416.45,8015.34,8431.79,84.3179,86.4266
2022-09-26,416.45,7967.01,8383.47,83.8347,86.1035
2022-09-27,416.45,7993.66,8410.11,84.1011,85.8973
2022-09-28,416.45,8015.06,8431.51,84.3151,86.1386
2022-09-29,416.45,7924.72,8341.17,83.4117,85.1084
2022-09-30,416.45,7978.59,8395.04,83.9504,86.3941
2022-10-03,150.08,8273.78,8423.86,84.2386,86.7289
2022-10-04,150.08,8501.06,8651.14,86.5114,89.7981
2022-10-05,150.08,8436.86,8586.94,85.8694,89.0054
2022-10-06,150.08,8309.32,8459.4,84.594,87.959
2022-10-07,150.08,8311.03,8461.11,84.6111,87.2725
2022-10-10,150.08,8222.42,8372.5,83.725,86.9581
2022-10-11,150.08,8218.68,8368.76,83.6876,86.9059
2022-10-12,150.08,8206.9,8356.98,83.5698,86.654
2022-10-13,150.08,8213.43,8363.51,83.6351,87.4014
2022-10-14,150.08,8316.09,8466.17,84.6617,88.0556
2022-10-17,150.08,8454.54,8604.62,86.0462,89.5344
2022-10-18,150.08,8440.87,8590.95,85.9095,89.7885
2022-10-19,150.08,8432.06,8582.14,85.8214,89.5327
2022-10-20,150.08,8421.2,8571.28,85.7128,89.9309
2022-10-21,150.08,8339.7,8489.78,84.8978,89.1718
2022-10-24,150.08,8454.45,8604.53,86.0453,90.5354
2022-10-25,150.08,8521.69,8671.76,86.7176,91.9972
2022-10-26,150.08,8536.53,8686.61,86.8661,92.4331
2022-10-27,150.08,8574.16,8724.24,87.2424,92.212
2022-10-28,150.08,8607.52,8757.6,87.576,93.1246
2022-10-31,150.08,8643.85,8793.93,87.9393,93.0406
2022-11-01,150.08,8763.66,8913.74,89.1374,93.9589
2022-11-02,150.08,8731.45,8881.53,88.8153,93.2518
2022-11-03,150.08,8701.54,8851.62,88.5162,92.9809
2022-11-04,150.08,8922.06,9072.14,90.7214,95.3153
2022-11-07,150.08,8857.57,9007.65,90.0765,95.0653
2022-11-08,150.08,8816.34,8966.42,89.6642,95.2598
2022-11-09,150.08,8813.52,8963.6,89.636,95.1411
2022-11-10,150.08,8961.35,9111.43,91.1143,96.9659
2022-11-11,150.08,8996.22,9146.3,91.463,97.2187
2022-11-14,150.08,9008.95,9159.03,91.5903,97.4968
2022-11-15,150.08,9018.22,9168.3,91.683,97.8158
2022-11-16,150.08,9034.89,9184.97,91.8497,97.6182
2022-11-17,150.08,8972.8,9122.88,91.2288,97.1512
2022-11-18,150.08,9020.67,9170.75,91.7075,98.0491
2022-11-21,150.08,9030.83,9180.91,91.8091,97.9028
2022-11-22,150.08,9109.27,9259.35,92.5935,98.2989
2022-11-23,150.08,9112.02,9262.1,92.621,98.5753
2022-11-24,150.08,9149.99,9300.07,93.0007,99.0058
2022-11-25,150.08,9158.02,9308.1,93.081,99.1892
2022-11-28,150.08,9110.7,9260.78,92.6078,98.314
2022-11-29,150.08,9156.03,9306.11,93.0611,98.2742
2022-11-30,150.08,9282.0,9432.07,94.3207,98.8201
2022-12-01,150.08,9263.17,9413.25,94.1325,99.2802
2022-12-02,150.08,9228.41,9378.49,93.7849,99.0228
2022-12-05,150.08,9179.26,9329.34,93.2934,98.4322
2022-12-06,150.08,9217.28,9367.36,93.6736,98.3958
2022-12-07,150.08,9126.39,9276.47,92.7647,98.0318
2022-12-08,150.08,9108.03,9258.11,92.5811,97.8104
2022-12-09,150.08,9120.05,9270.13,92.7013,98.2658
2022-12-12,150.08,9071.98,9222.06,92.2206,97.8291
2022-12-13,150.08,9185.17,9335.25,93.3525,99.1373
2022-12-14,150.08,9153.37,9303.45,93.0345,98.8455
2022-12-15,150.08,8974.68,9124.75,91.2475,96.256
2022-12-16,150.08,8880.07,9030.15,90.3015,95.2334
2022-12-19,150.08,8922.46,9072.54,90.7254,95.5627
2022-12-20,150.08,8929.54,9079.62,90.7962,95.5427
2022-12-21,150.08,9090.78,9240.86,92.4086,97.3768
2022-12-22,150.08,9067.71,9217.79,92.1779,96.749
2022-12-23,150.08,9059.85,9209.93,92.0993,96.6274
2022-12-27,150.08,9109.88,9259.96,92.5996,97.1331
2022-12-28,150.08,9069.45,9219.53,92.1953,96.6122
2022-12-29,150.08,9132.34,9282.42,92.8242,97.4286
2022-12-30,150.08,9006.18,9156.26,91.5626,96.0584
